ImageId,Label
1,9
2,9
3,3
4,7
5,6
6,1
7,2
8,5
9,4
10,0
11,0
12,4
13,4
14,0
15,2
16,4
17,6
18,9
19,3
20,3
21,5
22,8
23,6
24,4
25,6
26,1
27,7
28,0
29,4
30,7
31,1
32,4
33,0
34,5
35,1
36,1
37,3
38,2
39,3
40,3
41,6
42,3
43,7
44,4
45,5
46,7
47,3
48,3
49,4
50,6
51,1
52,3
53,0
54,1
55,0
56,0
57,4
58,4
59,9
60,7
61,7
62,2
63,4
64,5
65,4
66,0
67,1
68,9
69,6
70,1
71,7
72,1
73,0
74,7
75,8
76,7
77,1
78,1
79,5
80,0
81,5
82,6
83,7
84,5
85,7
86,4
87,0
88,1
89,1
90,6
91,0
92,4
93,6
94,1
95,2
96,6
97,3
98,5
99,7
100,8
101,6
102,7
103,5
104,7
105,0
106,7
107,1
108,3
109,4
110,7
111,1
112,1
113,0
114,1
115,7
116,7
117,2
118,2
119,7
120,0
121,7
122,1
123,4
124,1
125,5
126,0
127,9
128,4
129,3
130,9
131,1
132,9
133,5
134,5
135,7
136,0
137,5
138,9
139,5
140,5
141,2
142,1
143,0
144,2
145,6
146,5
147,3
148,6
149,1
150,2
151,5
152,1
153,4
154,7
155,2
156,1
157,1
158,2
159,8
160,4
161,0
162,4
163,1
164,4
165,0
166,6
167,1
168,4
169,0
170,2
171,5
172,7
173,9
174,4
175,2
176,7
177,1
178,4
179,9
180,5
181,6
182,6
183,4
184,1
185,5
186,9
187,2
188,1
189,4
190,0
191,1
192,7
193,1
194,7
195,6
196,3
197,4
198,2
199,7
200,1
201,0
202,7
203,1
204,6
205,7
206,4
207,1
208,7
209,1
210,5
211,3
212,0
213,1
214,7
215,2
216,3
217,7
218,4
219,7
220,7
221,1
222,7
223,7
224,2
225,1
226,7
227,4
228,3
229,3
230,9
231,5
232,0
233,5
234,6
235,1
236,5
237,2
238,3
239,6
240,7
241,9
242,0
243,3
244,5
245,1
246,4
247,3
248,0
249,0
250,1
251,2
252,0
253,5
254,4
255,2
256,6
257,7
258,3
259,5
260,1
261,2
262,0
263,4
264,5
265,2
266,7
267,2
268,9
269,2
270,6
271,1
272,1
273,3
274,2
275,7
276,4
277,4
278,7
279,1
280,5
281,0
282,2
283,7
284,7
285,1
286,0
287,1
288,2
289,1
290,6
291,5
292,7
293,2
294,3
295,7
296,7
297,6
298,1
299,1
300,1
301,9
302,7
303,6
304,3
305,4
306,1
307,2
308,1
309,3
310,6
311,6
312,3
313,7
314,4
315,6
316,1
317,4
318,7
319,4
320,5
321,6
322,1
323,7
324,8
325,3
326,7
327,5
328,7
329,7
330,9
331,1
332,5
333,1
334,6
335,7
336,6
337,5
338,1
339,5
340,5
341,1
342,7
343,5
344,1
345,1
346,1
347,6
348,2
349,7
350,4
351,1
352,4
353,7
354,1
355,7
356,3
357,6
358,0
359,4
360,0
361,5
362,0
363,3
364,1
365,4
366,7
367,7
368,1
369,4
370,5
371,1
372,6
373,3
374,1
375,5
376,4
377,4
378,7
379,3
380,9
381,7
382,3
383,6
384,2
385,6
386,1
387,1
388,4
389,5
390,0
391,7
392,7
393,5
394,7
395,7
396,6
397,7
398,4
399,6
400,7
401,7
402,3
403,0
404,6
405,1
406,6
407,1
408,6
409,2
410,1
411,4
412,4
413,2
414,5
415,1
416,7
417,0
418,8
419,0
420,1
421,4
422,6
423,1
424,1
425,4
426,7
427,6
428,7
429,5
430,3
431,1
432,7
433,4
434,1
435,1
436,7
437,6
438,6
439,1
440,1
441,2
442,0
443,1
444,3
445,1
446,5
447,9
448,7
449,9
450,6
451,2
452,1
453,1
454,7
455,5
456,1
457,9
458,3
459,7
460,4
461,7
462,7
463,7
464,1
465,4
466,2
467,0
468,5
469,6
470,7
471,0
472,8
473,4
474,7
475,0
476,4
477,2
478,0
479,7
480,0
481,1
482,3
483,2
484,5
485,5
486,6
487,1
488,3
489,4
490,1
491,4
492,7
493,7
494,4
495,7
496,3
497,7
498,0
499,5
500,3
501,9
502,2
503,3
504,7
505,7
506,1
507,0
508,0
509,7
510,5
511,8
512,6
513,6
514,1
515,1
516,1
517,1
518,0
519,7
520,1
521,6
522,4
523,1
524,2
525,7
526,4
527,7
528,4
529,5
530,1
531,1
532,0
533,1
534,1
535,1
536,1
537,4
538,4
539,5
540,5
541,2
542,0
543,3
544,0
545,5
546,1
547,7
548,4
549,7
550,0
551,2
552,8
553,1
554,7
555,2
556,7
557,6
558,0
559,5
560,1
561,6
562,1
563,7
564,5
565,0
566,1
567,2
568,7
569,6
570,1
571,5
572,1
573,1
574,1
575,4
576,7
577,0
578,1
579,4
580,2
581,0
582,5
583,4
584,6
585,4
586,6
587,6
588,1
589,5
590,7
591,7
592,5
593,1
594,8
595,9
596,7
597,6
598,7
599,0
600,3
601,2
602,1
603,9
604,5
605,3
606,6
607,9
608,0
609,3
610,7
611,7
612,7
613,5
614,2
615,6
616,1
617,6
618,7
619,3
620,4
621,4
622,4
623,5
624,8
625,7
626,2
627,1
628,7
629,7
630,1
631,1
632,0
633,2
634,0
635,9
636,2
637,6
638,4
639,0
640,5
641,6
642,3
643,7
644,4
645,1
646,6
647,0
648,6
649,6
650,0
651,6
652,1
653,7
654,1
655,2
656,4
657,9
658,7
659,5
660,6
661,0
662,7
663,7
664,1
665,4
666,8
667,6
668,1
669,5
670,3
671,1
672,1
673,1
674,2
675,6
676,9
677,1
678,7
679,1
680,6
681,7
682,1
683,5
684,0
685,7
686,4
687,9
688,2
689,4
690,3
691,1
692,6
693,6
694,1
695,4
696,7
697,3
698,7
699,0
700,2
701,4
702,7
703,9
704,1
705,2
706,1
707,1
708,0
709,5
710,0
711,4
712,1
713,1
714,6
715,7
716,0
717,6
718,4
719,6
720,1
721,0
722,2
723,5
724,0
725,1
726,3
727,7
728,0
729,1
730,1
731,3
732,1
733,4
734,1
735,5
736,7
737,1
738,4
739,6
740,1
741,1
742,4
743,9
744,0
745,1
746,4
747,9
748,8
749,5
750,3
751,3
752,6
753,6
754,9
755,0
756,2
757,1
758,7
759,2
760,0
761,1
762,1
763,5
764,3
765,3
766,1
767,7
768,9
769,7
770,6
771,9
772,0
773,4
774,6
775,1
776,0
777,2
778,1
779,0
780,1
781,7
782,9
783,6
784,9
785,7
786,1
787,7
788,6
789,4
790,7
791,1
792,3
793,0
794,0
795,4
796,9
797,2
798,1
799,5
800,2
801,1
802,8
803,2
804,9
805,7
806,4
807,1
808,8
809,0
810,7
811,4
812,3
813,0
814,4
815,2
816,6
817,1
818,4
819,6
820,9
821,6
822,7
823,7
824,5
825,6
826,3
827,7
828,2
829,6
830,3
831,6
832,8
833,2
834,2
835,4
836,4
837,6
838,5
839,4
840,6
841,7
842,0
843,2
844,6
845,3
846,3
847,7
848,1
849,2
850,7
851,4
852,7
853,9
854,6
855,1
856,1
857,2
858,8
859,9
860,1
861,6
862,7
863,7
864,3
865,1
866,7
867,3
868,0
869,1
870,1
871,6
872,3
873,5
874,1
875,7
876,2
877,4
878,3
879,8
880,1
881,6
882,1
883,4
884,0
885,1
886,5
887,3
888,5
889,4
890,2
891,7
892,6
893,7
894,4
895,5
896,1
897,5
898,4
899,6
900,7
901,5
902,6
903,1
904,3
905,0
906,7
907,7
908,5
909,4
910,7
911,6
912,0
913,1
914,7
915,9
916,7
917,6
918,7
919,6
920,5
921,4
922,5
923,0
924,2
925,2
926,6
927,4
928,2
929,2
930,0
931,7
932,2
933,0
934,6
935,7
936,7
937,3
938,1
939,0
940,2
941,1
942,5
943,1
944,7
945,0
946,1
947,1
948,4
949,2
950,1
951,1
952,5
953,0
954,1
955,1
956,4
957,6
958,2
959,9
960,4
961,3
962,7
963,0
964,7
965,1
966,3
967,9
968,1
969,4
970,2
971,1
972,2
973,5
974,2
975,7
976,3
977,4
978,7
979,7
980,0
981,0
982,6
983,1
984,4
985,0
986,1
987,6
988,2
989,4
990,7
991,1
992,1
993,0
994,4
995,0
996,2
997,1
998,0
999,7
1000,3
1001,9
1002,4
1003,7
1004,5
1005,0
1006,9
1007,6
1008,5
1009,1
1010,1
1011,8
1012,1
1013,0
1014,1
1015,2
1016,6
1017,5
1018,7
1019,5
1020,0
1021,9
1022,3
1023,0
1024,7
1025,2
1026,1
1027,6
1028,6
1029,4
1030,6
1031,9
1032,7
1033,4
1034,6
1035,1
1036,7
1037,3
1038,2
1039,1
1040,7
1041,8
1042,2
1043,5
1044,7
1045,0
1046,9
1047,5
1048,1
1049,1
1050,1
1051,4
1052,4
1053,7
1054,0
1055,7
1056,3
1057,2
1058,0
1059,6
1060,3
1061,1
1062,6
1063,7
1064,4
1065,5
1066,3
1067,1
1068,3
1069,4
1070,8
1071,1
1072,2
1073,4
1074,3
1075,4
1076,1
1077,8
1078,2
1079,4
1080,6
1081,5
1082,4
1083,1
1084,6
1085,5
1086,7
1087,2
1088,7
1089,6
1090,6
1091,4
1092,1
1093,4
1094,1
1095,1
1096,0
1097,9
1098,1
1099,4
1100,5
1101,4
1102,6
1103,2
1104,5
1105,1
1106,9
1107,0
1108,7
1109,0
1110,7
1111,4
1112,1
1113,4
1114,1
1115,7
1116,0
1117,5
1118,5
1119,7
1120,7
1121,9
1122,9
1123,4
1124,0
1125,4
1126,1
1127,1
1128,2
1129,2
1130,9
1131,7
1132,1
1133,4
1134,3
1135,7
1136,4
1137,1
1138,1
1139,1
1140,4
1141,2
1142,1
1143,5
1144,7
1145,4
1146,7
1147,7
1148,3
1149,7
1150,0
1151,6
1152,0
1153,2
1154,7
1155,7
1156,4
1157,3
1158,1
1159,0
1160,7
1161,1
1162,1
1163,2
1164,4
1165,7
1166,3
1167,1
1168,1
1169,1
1170,6
1171,5
1172,0
1173,7
1174,9
1175,0
1176,0
1177,2
1178,4
1179,7
1180,5
1181,5
1182,1
1183,1
1184,0
1185,9
1186,4
1187,5
1188,5
1189,7
1190,1
1191,1
1192,1
1193,2
1194,0
1195,2
1196,7
1197,1
1198,7
1199,2
1200,2
1201,7
1202,4
1203,5
1204,4
1205,3
1206,1
1207,7
1208,7
1209,0
1210,3
1211,7
1212,1
1213,6
1214,6
1215,7
1216,1
1217,0
1218,7
1219,7
1220,6
1221,3
1222,7
1223,3
1224,7
1225,4
1226,6
1227,6
1228,7
1229,7
1230,7
1231,9
1232,3
1233,9
1234,7
1235,1
1236,1
1237,1
1238,6
1239,0
1240,0
1241,1
1242,9
1243,6
1244,7
1245,7
1246,0
1247,4
1248,6
1249,1
1250,6
1251,6
1252,6
1253,5
1254,9
1255,0
1256,5
1257,6
1258,4
1259,1
1260,4
1261,5
1262,9
1263,4
1264,1
1265,5
1266,2
1267,5
1268,7
1269,7
1270,7
1271,0
1272,5
1273,0
1274,7
1275,1
1276,1
1277,3
1278,7
1279,5
1280,5
1281,3
1282,5
1283,6
1284,8
1285,7
1286,5
1287,4
1288,7
1289,3
1290,4
1291,3
1292,1
1293,2
1294,9
1295,2
1296,7
1297,7
1298,5
1299,0
1300,6
1301,1
1302,3
1303,5
1304,1
1305,2
1306,5
1307,1
1308,3
1309,6
1310,6
1311,9
1312,1
1313,7
1314,6
1315,1
1316,7
1317,1
1318,1
1319,8
1320,6
1321,7
1322,6
1323,3
1324,4
1325,7
1326,5
1327,7
1328,1
1329,9
1330,3
1331,9
1332,1
1333,6
1334,8
1335,1
1336,5
1337,4
1338,0
1339,5
1340,7
1341,1
1342,5
1343,4
1344,4
1345,6
1346,7
1347,9
1348,3
1349,4
1350,6
1351,7
1352,1
1353,0
1354,3
1355,7
1356,0
1357,8
1358,2
1359,2
1360,7
1361,6
1362,1
1363,6
1364,1
1365,4
1366,1
1367,1
1368,6
1369,1
1370,0
1371,4
1372,4
1373,1
1374,3
1375,1
1376,3
1377,9
1378,4
1379,2
1380,1
1381,1
1382,7
1383,0
1384,7
1385,9
1386,2
1387,4
1388,6
1389,7
1390,0
1391,9
1392,9
1393,5
1394,6
1395,7
1396,4
1397,1
1398,6
1399,4
1400,2
1401,6
1402,2
1403,1
1404,7
1405,0
1406,1
1407,4
1408,1
1409,1
1410,3
1411,0
1412,4
1413,7
1414,2
1415,6
1416,5
1417,7
1418,1
1419,8
1420,1
1421,7
1422,0
1423,7
1424,1
1425,4
1426,1
1427,4
1428,2
1429,3
1430,1
1431,4
1432,7
1433,3
1434,5
1435,7
1436,1
1437,9
1438,3
1439,3
1440,3
1441,7
1442,7
1443,2
1444,5
1445,1
1446,1
1447,1
1448,1
1449,7
1450,9
1451,5
1452,4
1453,5
1454,7
1455,4
1456,1
1457,7
1458,6
1459,7
1460,0
1461,7
1462,7
1463,2
1464,0
1465,7
1466,2
1467,6
1468,7
1469,7
1470,2
1471,5
1472,1
1473,5
1474,0
1475,2
1476,0
1477,7
1478,7
1479,1
1480,5
1481,1
1482,0
1483,6
1484,1
1485,9
1486,1
1487,2
1488,7
1489,6
1490,6
1491,4
1492,9
1493,5
1494,9
1495,2
1496,6
1497,1
1498,6
1499,8
1500,0
1501,7
1502,2
1503,1
1504,0
1505,1
1506,3
1507,0
1508,6
1509,7
1510,0
1511,5
1512,1
1513,2
1514,1
1515,3
1516,2
1517,0
1518,6
1519,7
1520,6
1521,2
1522,1
1523,4
1524,6
1525,7
1526,2
1527,1
1528,1
1529,2
1530,7
1531,2
1532,2
1533,0
1534,6
1535,1
1536,7
1537,9
1538,0
1539,1
1540,3
1541,5
1542,7
1543,4
1544,2
1545,7
1546,4
1547,0
1548,7
1549,1
1550,4
1551,0
1552,7
1553,1
1554,5
1555,0
1556,5
1557,3
1558,0
1559,1
1560,1
1561,8
1562,4
1563,6
1564,4
1565,4
1566,1
1567,0
1568,9
1569,4
1570,6
1571,3
1572,5
1573,5
1574,1
1575,7
1576,2
1577,5
1578,3
1579,7
1580,9
1581,7
1582,0
1583,4
1584,6
1585,1
1586,1
1587,8
1588,1
1589,9
1590,4
1591,1
1592,3
1593,7
1594,5
1595,1
1596,5
1597,4
1598,1
1599,6
1600,5
1601,1
1602,0
1603,6
1604,5
1605,4
1606,1
1607,3
1608,5
1609,2
1610,4
1611,6
1612,1
1613,1
1614,4
1615,3
1616,1
1617,1
1618,3
1619,6
1620,7
1621,1
1622,7
1623,5
1624,7
1625,9
1626,7
1627,9
1628,2
1629,1
1630,3
1631,2
1632,2
1633,5
1634,2
1635,6
1636,0
1637,1
1638,0
1639,1
1640,1
1641,2
1642,1
1643,4
1644,7
1645,6
1646,5
1647,9
1648,6
1649,6
1650,1
1651,2
1652,6
1653,6
1654,4
1655,3
1656,1
1657,8
1658,7
1659,7
1660,6
1661,2
1662,7
1663,0
1664,4
1665,2
1666,1
1667,1
1668,1
1669,9
1670,7
1671,0
1672,6
1673,1
1674,7
1675,7
1676,5
1677,3
1678,4
1679,4
1680,7
1681,1
1682,1
1683,1
1684,3
1685,1
1686,9
1687,4
1688,4
1689,7
1690,9
1691,7
1692,1
1693,0
1694,2
1695,5
1696,1
1697,1
1698,5
1699,7
1700,3
1701,3
1702,1
1703,4
1704,2
1705,2
1706,4
1707,0
1708,6
1709,7
1710,4
1711,6
1712,7
1713,7
1714,6
1715,3
1716,9
1717,7
1718,7
1719,7
1720,7
1721,6
1722,0
1723,4
1724,6
1725,5
1726,0
1727,7
1728,6
1729,8
1730,5
1731,1
1732,7
1733,7
1734,2
1735,5
1736,0
1737,8
1738,1
1739,0
1740,4
1741,2
1742,7
1743,9
1744,6
1745,6
1746,3
1747,7
1748,0
1749,1
1750,1
1751,4
1752,7
1753,1
1754,1
1755,2
1756,1
1757,0
1758,3
1759,4
1760,6
1761,7
1762,1
1763,4
1764,7
1765,7
1766,7
1767,5
1768,4
1769,2
1770,3
1771,1
1772,5
1773,2
1774,2
1775,2
1776,4
1777,6
1778,3
1779,9
1780,0
1781,9
1782,5
1783,3
1784,1
1785,4
1786,6
1787,7
1788,1
1789,4
1790,1
1791,7
1792,0
1793,2
1794,4
1795,6
1796,1
1797,1
1798,3
1799,7
1800,7
1801,4
1802,7
1803,5
1804,6
1805,2
1806,4
1807,2
1808,1
1809,1
1810,6
1811,3
1812,7
1813,6
1814,7
1815,3
1816,6
1817,3
1818,2
1819,7
1820,7
1821,3
1822,0
1823,0
1824,1
1825,7
1826,7
1827,1
1828,6
1829,0
1830,6
1831,7
1832,4
1833,1
1834,7
1835,3
1836,1
1837,1
1838,7
1839,1
1840,7
1841,4
1842,6
1843,9
1844,4
1845,5
1846,9
1847,3
1848,1
1849,2
1850,7
1851,7
1852,0
1853,9
1854,0
1855,6
1856,3
1857,7
1858,0
1859,2
1860,1
1861,7
1862,7
1863,6
1864,1
1865,3
1866,6
1867,7
1868,0
1869,5
1870,1
1871,2
1872,2
1873,1
1874,7
1875,7
1876,1
1877,2
1878,0
1879,4
1880,7
1881,5
1882,7
1883,2
1884,9
1885,3
1886,5
1887,4
1888,1
1889,2
1890,1
1891,9
1892,7
1893,0
1894,2
1895,3
1896,1
1897,2
1898,5
1899,6
1900,7
1901,2
1902,2
1903,2
1904,9
1905,0
1906,7
1907,2
1908,0
1909,4
1910,7
1911,9
1912,1
1913,1
1914,9
1915,1
1916,2
1917,1
1918,7
1919,4
1920,7
1921,1
1922,6
1923,7
1924,1
1925,9
1926,1
1927,7
1928,0
1929,3
1930,4
1931,3
1932,8
1933,2
1934,0
1935,9
1936,7
1937,7
1938,7
1939,1
1940,4
1941,2
1942,6
1943,7
1944,2
1945,1
1946,5
1947,1
1948,7
1949,8
1950,5
1951,2
1952,6
1953,1
1954,6
1955,1
1956,5
1957,6
1958,4
1959,5
1960,4
1961,9
1962,9
1963,3
1964,6
1965,6
1966,0
1967,6
1968,1
1969,5
1970,6
1971,7
1972,1
1973,6
1974,2
1975,1
1976,6
1977,0
1978,4
1979,3
1980,6
1981,4
1982,4
1983,7
1984,1
1985,0
1986,1
1987,1
1988,4
1989,6
1990,4
1991,2
1992,5
1993,4
1994,0
1995,7
1996,5
1997,8
1998,4
1999,5
2000,7
2001,6
2002,4
2003,1
2004,1
2005,5
2006,4
2007,7
2008,4
2009,3
2010,0
2011,9
2012,0
2013,5
2014,1
2015,4
2016,2
2017,9
2018,4
2019,3
2020,3
2021,1
2022,1
2023,7
2024,1
2025,5
2026,4
2027,5
2028,4
2029,1
2030,0
2031,3
2032,1
2033,4
2034,6
2035,1
2036,4
2037,4
2038,3
2039,4
2040,7
2041,7
2042,6
2043,1
2044,2
2045,5
2046,2
2047,3
2048,4
2049,1
2050,6
2051,1
2052,4
2053,6
2054,1
2055,5
2056,4
2057,3
2058,7
2059,1
2060,1
2061,0
2062,6
2063,8
2064,5
2065,7
2066,5
2067,0
2068,8
2069,0
2070,6
2071,4
2072,9
2073,0
2074,0
2075,4
2076,6
2077,7
2078,9
2079,5
2080,6
2081,2
2082,0
2083,7
2084,7
2085,9
2086,7
2087,1
2088,1
2089,7
2090,1
2091,6
2092,3
2093,4
2094,4
2095,0
2096,1
2097,7
2098,0
2099,6
2100,4
2101,2
2102,5
2103,3
2104,0
2105,0
2106,7
2107,8
2108,2
2109,1
2110,6
2111,1
2112,5
2113,4
2114,3
2115,7
2116,5
2117,1
2118,6
2119,9
2120,3
2121,1
2122,7
2123,1
2124,1
2125,7
2126,5
2127,7
2128,9
2129,0
2130,4
2131,4
2132,7
2133,6
2134,4
2135,0
2136,6
2137,1
2138,3
2139,2
2140,7
2141,1
2142,2
2143,5
2144,1
2145,1
2146,3
2147,1
2148,5
2149,7
2150,2
2151,0
2152,6
2153,7
2154,3
2155,4
2156,4
2157,4
2158,7
2159,6
2160,7
2161,2
2162,1
2163,9
2164,1
2165,1
2166,5
2167,6
2168,4
2169,0
2170,6
2171,4
2172,0
2173,0
2174,6
2175,5
2176,0
2177,0
2178,7
2179,7
2180,7
2181,6
2182,7
2183,3
2184,4
2185,1
2186,4
2187,4
2188,5
2189,7
2190,5
2191,0
2192,4
2193,0
2194,1
2195,4
2196,9
2197,5
2198,2
2199,7
2200,0
2201,7
2202,6
2203,5
2204,6
2205,3
2206,7
2207,7
2208,1
2209,1
2210,1
2211,8
2212,7
2213,9
2214,5
2215,5
2216,2
2217,5
2218,6
2219,1
2220,1
2221,1
2222,7
2223,4
2224,6
2225,6
2226,2
2227,2
2228,7
2229,1
2230,5
2231,0
2232,2
2233,2
2234,1
2235,1
2236,5
2237,3
2238,6
2239,4
2240,7
2241,1
2242,7
2243,1
2244,6
2245,1
2246,9
2247,0
2248,7
2249,5
2250,3
2251,6
2252,0
2253,4
2254,7
2255,4
2256,4
2257,0
2258,9
2259,7
2260,0
2261,4
2262,7
2263,9
2264,5
2265,1
2266,2
2267,3
2268,4
2269,4
2270,1
2271,1
2272,2
2273,2
2274,0
2275,5
2276,9
2277,7
2278,6
2279,1
2280,7
2281,7
2282,5
2283,0
2284,1
2285,7
2286,2
2287,7
2288,1
2289,0
2290,3
2291,3
2292,1
2293,2
2294,1
2295,5
2296,0
2297,2
2298,4
2299,5
2300,7
2301,4
2302,2
2303,3
2304,1
2305,0
2306,2
2307,0
2308,4
2309,4
2310,1
2311,7
2312,4
2313,2
2314,3
2315,0
2316,0
2317,6
2318,0
2319,2
2320,8
2321,1
2322,4
2323,4
2324,0
2325,1
2326,7
2327,2
2328,7
2329,6
2330,4
2331,1
2332,4
2333,3
2334,6
2335,9
2336,6
2337,1
2338,2
2339,3
2340,6
2341,4
2342,0
2343,6
2344,3
2345,1
2346,8
2347,1
2348,1
2349,1
2350,1
2351,8
2352,1
2353,1
2354,5
2355,5
2356,5
2357,1
2358,3
2359,0
2360,9
2361,3
2362,5
2363,5
2364,5
2365,1
2366,4
2367,1
2368,7
2369,9
2370,7
2371,7
2372,1
2373,4
2374,7
2375,3
2376,7
2377,7
2378,5
2379,1
2380,2
2381,2
2382,3
2383,1
2384,6
2385,6
2386,2
2387,2
2388,9
2389,9
2390,9
2391,4
2392,2
2393,7
2394,6
2395,5
2396,0
2397,2
2398,6
2399,1
2400,8
2401,4
2402,1
2403,6
2404,7
2405,6
2406,5
2407,1
2408,1
2409,1
2410,0
2411,7
2412,6
2413,4
2414,3
2415,2
2416,7
2417,7
2418,0
2419,2
2420,0
2421,1
2422,1
2423,1
2424,4
2425,1
2426,6
2427,6
2428,3
2429,2
2430,6
2431,7
2432,6
2433,1
2434,2
2435,1
2436,1
2437,0
2438,7
2439,5
2440,0
2441,2
2442,6
2443,3
2444,3
2445,2
2446,3
2447,0
2448,7
2449,7
2450,1
2451,6
2452,6
2453,3
2454,0
2455,0
2456,7
2457,5
2458,4
2459,4
2460,7
2461,5
2462,1
2463,1
2464,5
2465,2
2466,4
2467,1
2468,8
2469,6
2470,4
2471,9
2472,8
2473,1
2474,2
2475,7
2476,0
2477,0
2478,7
2479,7
2480,2
2481,3
2482,0
2483,6
2484,9
2485,3
2486,4
2487,9
2488,6
2489,2
2490,2
2491,7
2492,3
2493,1
2494,1
2495,4
2496,5
2497,2
2498,2
2499,3
2500,3
2501,6
2502,2
2503,4
2504,7
2505,1
2506,1
2507,6
2508,1
2509,2
2510,9
2511,4
2512,2
2513,6
2514,5
2515,1
2516,7
2517,3
2518,0
2519,1
2520,4
2521,2
2522,0
2523,7
2524,2
2525,5
2526,7
2527,6
2528,5
2529,7
2530,7
2531,5
2532,5
2533,6
2534,0
2535,6
2536,6
2537,4
2538,4
2539,3
2540,6
2541,1
2542,0
2543,2
2544,6
2545,6
2546,9
2547,8
2548,3
2549,9
2550,5
2551,2
2552,6
2553,5
2554,7
2555,1
2556,4
2557,6
2558,2
2559,2
2560,2
2561,0
2562,5
2563,0
2564,7
2565,2
2566,9
2567,7
2568,5
2569,7
2570,1
2571,1
2572,4
2573,9
2574,2
2575,7
2576,3
2577,6
2578,3
2579,9
2580,6
2581,0
2582,2
2583,1
2584,7
2585,3
2586,3
2587,6
2588,8
2589,6
2590,6
2591,2
2592,1
2593,7
2594,1
2595,2
2596,5
2597,4
2598,1
2599,3
2600,4
2601,8
2602,7
2603,6
2604,1
2605,5
2606,1
2607,1
2608,3
2609,4
2610,0
2611,1
2612,7
2613,6
2614,5
2615,2
2616,1
2617,7
2618,5
2619,8
2620,5
2621,2
2622,1
2623,4
2624,3
2625,7
2626,0
2627,6
2628,6
2629,3
2630,1
2631,2
2632,1
2633,5
2634,0
2635,0
2636,6
2637,5
2638,4
2639,1
2640,1
2641,0
2642,1
2643,7
2644,1
2645,9
2646,7
2647,5
2648,4
2649,0
2650,7
2651,7
2652,9
2653,0
2654,5
2655,2
2656,1
2657,1
2658,9
2659,3
2660,0
2661,6
2662,6
2663,7
2664,9
2665,1
2666,4
2667,0
2668,5
2669,2
2670,5
2671,1
2672,1
2673,2
2674,6
2675,6
2676,2
2677,4
2678,9
2679,1
2680,3
2681,6
2682,4
2683,4
2684,1
2685,3
2686,1
2687,6
2688,0
2689,5
2690,1
2691,4
2692,1
2693,4
2694,1
2695,6
2696,6
2697,5
2698,1
2699,1
2700,6
2701,9
2702,6
2703,1
2704,4
2705,1
2706,6
2707,1
2708,6
2709,1
2710,1
2711,7
2712,6
2713,3
2714,6
2715,7
2716,5
2717,1
2718,4
2719,6
2720,1
2721,1
2722,5
2723,4
2724,7
2725,0
2726,2
2727,5
2728,5
2729,7
2730,2
2731,6
2732,2
2733,7
2734,7
2735,4
2736,7
2737,1
2738,6
2739,7
2740,6
2741,7
2742,9
2743,3
2744,0
2745,9
2746,2
2747,0
2748,7
2749,0
2750,1
2751,1
2752,1
2753,3
2754,7
2755,5
2756,0
2757,3
2758,0
2759,0
2760,4
2761,3
2762,2
2763,9
2764,5
2765,0
2766,1
2767,0
2768,0
2769,1
2770,5
2771,4
2772,2
2773,6
2774,1
2775,0
2776,9
2777,6
2778,6
2779,7
2780,3
2781,2
2782,4
2783,4
2784,6
2785,1
2786,0
2787,1
2788,7
2789,1
2790,7
2791,0
2792,7
2793,1
2794,5
2795,4
2796,2
2797,7
2798,1
2799,6
2800,0
2801,1
2802,1
2803,2
2804,1
2805,9
2806,7
2807,3
2808,1
2809,5
2810,7
2811,3
2812,5
2813,0
2814,1
2815,1
2816,3
2817,6
2818,7
2819,1
2820,1
2821,4
2822,6
2823,5
2824,4
2825,8
2826,8
2827,0
2828,3
2829,3
2830,1
2831,7
2832,1
2833,9
2834,6
2835,7
2836,3
2837,4
2838,4
2839,5
2840,2
2841,7
2842,0
2843,1
2844,1
2845,4
2846,0
2847,0
2848,6
2849,9
2850,4
2851,7
2852,5
2853,6
2854,9
2855,3
2856,9
2857,4
2858,0
2859,7
2860,6
2861,0
2862,0
2863,6
2864,3
2865,2
2866,2
2867,3
2868,5
2869,1
2870,6
2871,7
2872,1
2873,6
2874,6
2875,6
2876,1
2877,6
2878,1
2879,0
2880,7
2881,3
2882,5
2883,1
2884,6
2885,4
2886,1
2887,9
2888,5
2889,6
2890,1
2891,6
2892,5
2893,7
2894,6
2895,5
2896,7
2897,1
2898,7
2899,3
2900,7
2901,1
2902,7
2903,6
2904,0
2905,3
2906,7
2907,1
2908,1
2909,6
2910,7
2911,4
2912,0
2913,3
2914,7
2915,4
2916,1
2917,7
2918,5
2919,7
2920,7
2921,8
2922,6
2923,0
2924,7
2925,0
2926,4
2927,8
2928,4
2929,4
2930,1
2931,3
2932,6
2933,1
2934,2
2935,4
2936,7
2937,5
2938,5
2939,9
2940,4
2941,0
2942,8
2943,3
2944,2
2945,6
2946,3
2947,6
2948,7
2949,6
2950,7
2951,8
2952,1
2953,2
2954,1
2955,0
2956,6
2957,7
2958,8
2959,4
2960,5
2961,7
2962,0
2963,1
2964,4
2965,6
2966,0
2967,6
2968,8
2969,3
2970,0
2971,1
2972,9
2973,5
2974,3
2975,3
2976,6
2977,3
2978,7
2979,9
2980,4
2981,4
2982,1
2983,0
2984,0
2985,6
2986,7
2987,4
2988,5
2989,1
2990,0
2991,7
2992,6
2993,6
2994,0
2995,0
2996,5
2997,4
2998,2
2999,4
3000,7
3001,1
3002,7
3003,6
3004,1
3005,7
3006,3
3007,7
3008,7
3009,0
3010,2
3011,4
3012,3
3013,7
3014,7
3015,4
3016,1
3017,1
3018,4
3019,0
3020,3
3021,0
3022,5
3023,3
3024,1
3025,0
3026,7
3027,1
3028,1
3029,4
3030,2
3031,3
3032,9
3033,4
3034,5
3035,7
3036,1
3037,8
3038,5
3039,2
3040,7
3041,3
3042,6
3043,5
3044,4
3045,2
3046,1
3047,0
3048,7
3049,7
3050,7
3051,1
3052,6
3053,5
3054,7
3055,4
3056,9
3057,7
3058,0
3059,0
3060,1
3061,7
3062,3
3063,2
3064,1
3065,4
3066,5
3067,1
3068,1
3069,1
3070,1
3071,1
3072,0
3073,2
3074,0
3075,3
3076,4
3077,6
3078,6
3079,7
3080,1
3081,2
3082,7
3083,1
3084,7
3085,1
3086,1
3087,4
3088,1
3089,5
3090,5
3091,0
3092,1
3093,5
3094,0
3095,1
3096,4
3097,9
3098,2
3099,2
3100,6
3101,4
3102,9
3103,1
3104,5
3105,2
3106,1
3107,4
3108,3
3109,7
3110,9
3111,6
3112,4
3113,0
3114,9
3115,5
3116,6
3117,6
3118,7
3119,1
3120,2
3121,7
3122,6
3123,0
3124,7
3125,3
3126,7
3127,7
3128,1
3129,2
3130,9
3131,4
3132,4
3133,7
3134,3
3135,1
3136,4
3137,7
3138,5
3139,7
3140,5
3141,3
3142,4
3143,0
3144,5
3145,1
3146,7
3147,2
3148,7
3149,1
3150,1
3151,3
3152,2
3153,7
3154,5
3155,2
3156,7
3157,9
3158,5
3159,4
3160,6
3161,6
3162,6
3163,4
3164,0
3165,0
3166,1
3167,7
3168,1
3169,7
3170,7
3171,1
3172,4
3173,1
3174,7
3175,1
3176,1
3177,7
3178,9
3179,6
3180,1
3181,9
3182,2
3183,6
3184,1
3185,9
3186,9
3187,7
3188,3
3189,1
3190,9
3191,1
3192,9
3193,4
3194,7
3195,4
3196,5
3197,6
3198,4
3199,0
3200,1
3201,4
3202,0
3203,7
3204,0
3205,7
3206,6
3207,2
3208,0
3209,0
3210,8
3211,4
3212,6
3213,1
3214,0
3215,6
3216,7
3217,1
3218,7
3219,2
3220,9
3221,5
3222,7
3223,1
3224,1
3225,4
3226,1
3227,7
3228,9
3229,6
3230,4
3231,3
3232,2
3233,4
3234,2
3235,6
3236,6
3237,7
3238,0
3239,9
3240,2
3241,0
3242,7
3243,7
3244,4
3245,4
3246,9
3247,1
3248,1
3249,0
3250,4
3251,7
3252,3
3253,1
3254,1
3255,1
3256,4
3257,0
3258,8
3259,6
3260,1
3261,7
3262,4
3263,2
3264,4
3265,7
3266,9
3267,3
3268,0
3269,1
3270,3
3271,4
3272,5
3273,0
3274,7
3275,1
3276,3
3277,7
3278,4
3279,9
3280,6
3281,5
3282,6
3283,8
3284,0
3285,7
3286,4
3287,7
3288,2
3289,7
3290,2
3291,4
3292,7
3293,7
3294,7
3295,9
3296,1
3297,0
3298,1
3299,3
3300,4
3301,2
3302,0
3303,7
3304,1
3305,7
3306,7
3307,9
3308,7
3309,1
3310,9
3311,7
3312,2
3313,1
3314,3
3315,4
3316,7
3317,6
3318,4
3319,4
3320,1
3321,7
3322,5
3323,9
3324,4
3325,1
3326,1
3327,1
3328,1
3329,4
3330,6
3331,4
3332,6
3333,3
3334,7
3335,5
3336,7
3337,2
3338,7
3339,3
3340,6
3341,1
3342,1
3343,7
3344,7
3345,2
3346,6
3347,9
3348,6
3349,1
3350,7
3351,4
3352,1
3353,4
3354,0
3355,7
3356,4
3357,1
3358,1
3359,0
3360,6
3361,7
3362,2
3363,2
3364,3
3365,6
3366,5
3367,1
3368,4
3369,7
3370,7
3371,7
3372,3
3373,1
3374,5
3375,6
3376,5
3377,4
3378,7
3379,7
3380,5
3381,7
3382,4
3383,1
3384,4
3385,2
3386,1
3387,1
3388,5
3389,1
3390,4
3391,7
3392,6
3393,7
3394,9
3395,1
3396,6
3397,0
3398,3
3399,4
3400,6
3401,0
3402,5
3403,7
3404,4
3405,1
3406,7
3407,1
3408,7
3409,5
3410,1
3411,4
3412,7
3413,7
3414,2
3415,0
3416,2
3417,4
3418,4
3419,1
3420,4
3421,7
3422,6
3423,7
3424,5
3425,4
3426,1
3427,1
3428,1
3429,2
3430,7
3431,5
3432,9
3433,1
3434,1
3435,4
3436,2
3437,1
3438,2
3439,5
3440,6
3441,1
3442,1
3443,7
3444,7
3445,6
3446,4
3447,1
3448,5
3449,0
3450,1
3451,2
3452,1
3453,7
3454,1
3455,7
3456,1
3457,5
3458,7
3459,6
3460,7
3461,1
3462,4
3463,9
3464,1
3465,1
3466,1
3467,7
3468,6
3469,4
3470,5
3471,5
3472,3
3473,7
3474,7
3475,6
3476,1
3477,7
3478,1
3479,6
3480,7
3481,1
3482,4
3483,0
3484,7
3485,1
3486,5
3487,7
3488,6
3489,0
3490,0
3491,9
3492,1
3493,0
3494,5
3495,6
3496,7
3497,1
3498,3
3499,0
3500,0
3501,5
3502,5
3503,4
3504,1
3505,4
3506,6
3507,7
3508,0
3509,4
3510,8
3511,7
3512,0
3513,4
3514,0
3515,8
3516,5
3517,6
3518,7
3519,4
3520,5
3521,7
3522,4
3523,1
3524,4
3525,7
3526,6
3527,4
3528,6
3529,7
3530,0
3531,7
3532,9
3533,5
3534,9
3535,4
3536,0
3537,7
3538,6
3539,1
3540,2
3541,0
3542,1
3543,5
3544,1
3545,7
3546,5
3547,4
3548,4
3549,6
3550,1
3551,8
3552,1
3553,1
3554,6
3555,4
3556,0
3557,7
3558,4
3559,6
3560,5
3561,6
3562,0
3563,6
3564,1
3565,3
3566,6
3567,9
3568,1
3569,4
3570,1
3571,9
3572,9
3573,2
3574,1
3575,5
3576,3
3577,1
3578,4
3579,2
3580,4
3581,7
3582,1
3583,6
3584,6
3585,6
3586,4
3587,1
3588,5
3589,5
3590,7
3591,2
3592,1
3593,7
3594,7
3595,1
3596,0
3597,0
3598,0
3599,4
3600,0
3601,4
3602,1
3603,9
3604,2
3605,3
3606,6
3607,7
3608,2
3609,7
3610,7
3611,1
3612,5
3613,1
3614,1
3615,3
3616,6
3617,7
3618,1
3619,0
3620,0
3621,1
3622,3
3623,7
3624,7
3625,1
3626,1
3627,1
3628,1
3629,1
3630,4
3631,6
3632,1
3633,7
3634,0
3635,4
3636,6
3637,1
3638,0
3639,1
3640,4
3641,7
3642,0
3643,3
3644,4
3645,0
3646,4
3647,6
3648,1
3649,2
3650,7
3651,0
3652,0
3653,4
3654,6
3655,3
3656,9
3657,3
3658,5
3659,5
3660,4
3661,1
3662,1
3663,1
3664,2
3665,2
3666,1
3667,6
3668,1
3669,1
3670,9
3671,6
3672,1
3673,5
3674,3
3675,0
3676,4
3677,1
3678,1
3679,4
3680,4
3681,2
3682,7
3683,1
3684,1
3685,7
3686,4
3687,4
3688,2
3689,4
3690,3
3691,4
3692,1
3693,7
3694,4
3695,5
3696,6
3697,6
3698,0
3699,5
3700,4
3701,3
3702,7
3703,6
3704,9
3705,7
3706,2
3707,9
3708,5
3709,7
3710,5
3711,2
3712,2
3713,0
3714,6
3715,7
3716,1
3717,4
3718,6
3719,7
3720,6
3721,1
3722,4
3723,3
3724,0
3725,9
3726,6
3727,6
3728,4
3729,1
3730,0
3731,3
3732,1
3733,5
3734,3
3735,7
3736,1
3737,1
3738,6
3739,1
3740,9
3741,4
3742,1
3743,3
3744,1
3745,3
3746,1
3747,1
3748,8
3749,2
3750,1
3751,7
3752,7
3753,5
3754,4
3755,1
3756,1
3757,2
3758,0
3759,7
3760,1
3761,4
3762,5
3763,7
3764,1
3765,1
3766,5
3767,2
3768,9
3769,7
3770,1
3771,4
3772,6
3773,1
3774,7
3775,7
3776,4
3777,1
3778,5
3779,1
3780,0
3781,5
3782,6
3783,2
3784,1
3785,9
3786,5
3787,1
3788,1
3789,9
3790,0
3791,1
3792,8
3793,4
3794,1
3795,5
3796,3
3797,5
3798,7
3799,3
3800,7
3801,4
3802,1
3803,5
3804,7
3805,6
3806,4
3807,3
3808,6
3809,4
3810,1
3811,7
3812,6
3813,1
3814,7
3815,1
3816,7
3817,4
3818,2
3819,5
3820,4
3821,7
3822,4
3823,5
3824,9
3825,1
3826,4
3827,2
3828,1
3829,4
3830,5
3831,4
3832,7
3833,0
3834,5
3835,1
3836,6
3837,2
3838,5
3839,7
3840,5
3841,4
3842,1
3843,3
3844,7
3845,7
3846,6
3847,2
3848,7
3849,7
3850,7
3851,7
3852,4
3853,5
3854,6
3855,1
3856,6
3857,5
3858,7
3859,1
3860,5
3861,0
3862,1
3863,2
3864,6
3865,2
3866,1
3867,0
3868,6
3869,7
3870,6
3871,1
3872,0
3873,0
3874,4
3875,1
3876,7
3877,6
3878,9
3879,4
3880,8
3881,3
3882,1
3883,3
3884,6
3885,4
3886,1
3887,6
3888,0
3889,0
3890,1
3891,1
3892,6
3893,7
3894,2
3895,1
3896,6
3897,7
3898,1
3899,2
3900,7
3901,7
3902,4
3903,1
3904,0
3905,0
3906,6
3907,2
3908,1
3909,9
3910,7
3911,3
3912,3
3913,9
3914,4
3915,7
3916,5
3917,1
3918,1
3919,6
3920,1
3921,4
3922,0
3923,2
3924,7
3925,5
3926,8
3927,4
3928,0
3929,3
3930,2
3931,4
3932,1
3933,1
3934,9
3935,2
3936,1
3937,7
3938,2
3939,9
3940,3
3941,5
3942,1
3943,7
3944,1
3945,0
3946,5
3947,2
3948,4
3949,1
3950,6
3951,7
3952,6
3953,7
3954,7
3955,8
3956,5
3957,7
3958,1
3959,0
3960,1
3961,7
3962,4
3963,1
3964,1
3965,3
3966,1
3967,7
3968,0
3969,7
3970,4
3971,0
3972,6
3973,5
3974,5
3975,0
3976,4
3977,0
3978,1
3979,2
3980,4
3981,5
3982,1
3983,6
3984,6
3985,5
3986,2
3987,0
3988,3
3989,0
3990,4
3991,5
3992,0
3993,0
3994,4
3995,2
3996,1
3997,5
3998,9
3999,5
4000,3
4001,6
4002,9
4003,1
4004,5
4005,7
4006,7
4007,7
4008,5
4009,1
4010,7
4011,1
4012,7
4013,1
4014,8
4015,2
4016,6
4017,0
4018,4
4019,0
4020,5
4021,2
4022,4
4023,0
4024,9
4025,4
4026,2
4027,7
4028,7
4029,2
4030,4
4031,4
4032,2
4033,0
4034,1
4035,7
4036,7
4037,7
4038,7
4039,6
4040,0
4041,5
4042,0
4043,2
4044,3
4045,2
4046,5
4047,9
4048,7
4049,8
4050,7
4051,3
4052,7
4053,9
4054,1
4055,4
4056,5
4057,7
4058,0
4059,1
4060,4
4061,0
4062,1
4063,6
4064,5
4065,6
4066,3
4067,0
4068,0
4069,7
4070,1
4071,4
4072,6
4073,1
4074,1
4075,2
4076,5
4077,1
4078,6
4079,0
4080,6
4081,6
4082,5
4083,5
4084,5
4085,7
4086,2
4087,2
4088,3
4089,4
4090,1
4091,3
4092,1
4093,7
4094,2
4095,3
4096,6
4097,6
4098,7
4099,7
4100,7
4101,2
4102,6
4103,4
4104,3
4105,4
4106,5
4107,5
4108,6
4109,0
4110,7
4111,5
4112,8
4113,6
4114,9
4115,4
4116,3
4117,3
4118,5
4119,1
4120,7
4121,5
4122,0
4123,4
4124,1
4125,2
4126,4
4127,5
4128,1
4129,3
4130,6
4131,8
4132,6
4133,2
4134,6
4135,2
4136,7
4137,1
4138,6
4139,9
4140,6
4141,6
4142,3
4143,2
4144,2
4145,1
4146,0
4147,2
4148,5
4149,3
4150,8
4151,7
4152,0
4153,6
4154,2
4155,1
4156,6
4157,7
4158,0
4159,7
4160,6
4161,4
4162,7
4163,6
4164,6
4165,1
4166,3
4167,1
4168,0
4169,4
4170,5
4171,5
4172,1
4173,0
4174,4
4175,6
4176,7
4177,5
4178,0
4179,1
4180,1
4181,1
4182,7
4183,7
4184,7
4185,3
4186,2
4187,2
4188,8
4189,2
4190,5
4191,6
4192,2
4193,1
4194,2
4195,1
4196,4
4197,7
4198,3
4199,1
4200,5
4201,5
4202,0
4203,1
4204,9
4205,0
4206,7
4207,7
4208,6
4209,5
4210,2
4211,6
4212,5
4213,2
4214,6
4215,7
4216,7
4217,3
4218,3
4219,0
4220,1
4221,4
4222,2
4223,7
4224,2
4225,5
4226,1
4227,0
4228,4
4229,6
4230,3
4231,0
4232,4
4233,2
4234,7
4235,1
4236,2
4237,8
4238,5
4239,3
4240,2
4241,2
4242,0
4243,1
4244,7
4245,8
4246,6
4247,4
4248,7
4249,1
4250,1
4251,1
4252,1
4253,9
4254,7
4255,6
4256,7
4257,9
4258,4
4259,7
4260,1
4261,0
4262,6
4263,4
4264,3
4265,7
4266,4
4267,6
4268,7
4269,7
4270,6
4271,0
4272,2
4273,1
4274,6
4275,4
4276,4
4277,1
4278,4
4279,3
4280,5
4281,5
4282,3
4283,5
4284,7
4285,1
4286,6
4287,6
4288,5
4289,4
4290,6
4291,6
4292,0
4293,7
4294,1
4295,0
4296,5
4297,7
4298,6
4299,0
4300,5
4301,1
4302,2
4303,6
4304,2
4305,7
4306,5
4307,1
4308,4
4309,6
4310,2
4311,4
4312,1
4313,0
4314,6
4315,7
4316,1
4317,9
4318,3
4319,1
4320,1
4321,4
4322,7
4323,5
4324,6
4325,0
4326,7
4327,2
4328,3
4329,1
4330,7
4331,1
4332,7
4333,3
4334,5
4335,6
4336,7
4337,1
4338,1
4339,9
4340,1
4341,7
4342,1
4343,7
4344,0
4345,4
4346,0
4347,2
4348,6
4349,8
4350,3
4351,7
4352,5
4353,7
4354,2
4355,5
4356,1
4357,6
4358,5
4359,7
4360,4
4361,6
4362,1
4363,7
4364,7
4365,6
4366,2
4367,3
4368,4
4369,7
4370,0
4371,4
4372,5
4373,4
4374,7
4375,2
4376,7
4377,9
4378,5
4379,4
4380,1
4381,2
4382,9
4383,2
4384,2
4385,1
4386,1
4387,0
4388,7
4389,7
4390,2
4391,1
4392,0
4393,7
4394,3
4395,7
4396,8
4397,6
4398,6
4399,4
4400,8
4401,4
4402,2
4403,1
4404,6
4405,0
4406,1
4407,0
4408,1
4409,1
4410,5
4411,7
4412,7
4413,2
4414,1
4415,6
4416,5
4417,1
4418,3
4419,3
4420,4
4421,2
4422,0
4423,3
4424,6
4425,7
4426,0
4427,6
4428,7
4429,3
4430,2
4431,6
4432,1
4433,6
4434,7
4435,6
4436,1
4437,7
4438,0
4439,7
4440,0
4441,7
4442,6
4443,6
4444,7
4445,9
4446,7
4447,6
4448,4
4449,7
4450,0
4451,1
4452,0
4453,4
4454,4
4455,5
4456,5
4457,2
4458,4
4459,3
4460,6
4461,3
4462,2
4463,4
4464,1
4465,6
4466,3
4467,9
4468,1
4469,8
4470,3
4471,5
4472,2
4473,1
4474,1
4475,0
4476,2
4477,5
4478,5
4479,0
4480,3
4481,4
4482,9
4483,3
4484,9
4485,0
4486,1
4487,7
4488,0
4489,6
4490,7
4491,7
4492,7
4493,1
4494,4
4495,2
4496,2
4497,1
4498,1
4499,1
4500,7
4501,2
4502,5
4503,7
4504,1
4505,3
4506,9
4507,7
4508,6
4509,2
4510,0
4511,0
4512,1
4513,0
4514,7
4515,7
4516,6
4517,4
4518,9
4519,2
4520,7
4521,1
4522,0
4523,7
4524,6
4525,5
4526,1
4527,6
4528,7
4529,1
4530,6
4531,1
4532,1
4533,0
4534,9
4535,3
4536,3
4537,4
4538,6
4539,6
4540,1
4541,1
4542,0
4543,3
4544,1
4545,5
4546,5
4547,3
4548,7
4549,0
4550,1
4551,3
4552,7
4553,3
4554,6
4555,7
4556,6
4557,0
4558,0
4559,5
4560,4
4561,4
4562,5
4563,7
4564,2
4565,8
4566,7
4567,0
4568,2
4569,4
4570,5
4571,3
4572,3
4573,6
4574,1
4575,0
4576,2
4577,1
4578,7
4579,2
4580,6
4581,4
4582,1
4583,7
4584,1
4585,1
4586,6
4587,5
4588,5
4589,1
4590,7
4591,5
4592,4
4593,5
4594,6
4595,5
4596,5
4597,5
4598,1
4599,1
4600,4
4601,5
4602,1
4603,5
4604,2
4605,5
4606,0
4607,1
4608,5
4609,1
4610,3
4611,1
4612,1
4613,4
4614,7
4615,7
4616,4
4617,6
4618,4
4619,7
4620,1
4621,4
4622,1
4623,8
4624,8
4625,6
4626,6
4627,3
4628,1
4629,1
4630,6
4631,1
4632,1
4633,1
4634,4
4635,2
4636,4
4637,4
4638,7
4639,3
4640,9
4641,1
4642,7
4643,0
4644,0
4645,7
4646,1
4647,4
4648,2
4649,1
4650,7
4651,9
4652,6
4653,5
4654,6
4655,7
4656,1
4657,1
4658,7
4659,5
4660,7
4661,5
4662,0
4663,7
4664,2
4665,1
4666,4
4667,4
4668,1
4669,0
4670,4
4671,3
4672,1
4673,1
4674,5
4675,4
4676,4
4677,7
4678,1
4679,3
4680,6
4681,6
4682,4
4683,1
4684,7
4685,5
4686,7
4687,5
4688,7
4689,3
4690,4
4691,7
4692,7
4693,1
4694,3
4695,6
4696,7
4697,0
4698,4
4699,6
4700,0
4701,7
4702,0
4703,1
4704,3
4705,2
4706,7
4707,2
4708,7
4709,1
4710,0
4711,3
4712,2
4713,4
4714,3
4715,7
4716,6
4717,6
4718,6
4719,7
4720,5
4721,1
4722,0
4723,5
4724,6
4725,1
4726,6
4727,4
4728,5
4729,9
4730,1
4731,1
4732,1
4733,7
4734,4
4735,0
4736,1
4737,2
4738,0
4739,7
4740,2
4741,5
4742,6
4743,7
4744,3
4745,1
4746,1
4747,0
4748,0
4749,1
4750,4
4751,2
4752,7
4753,4
4754,7
4755,3
4756,7
4757,4
4758,5
4759,1
4760,7
4761,6
4762,3
4763,2
4764,4
4765,8
4766,3
4767,7
4768,0
4769,6
4770,1
4771,0
4772,9
4773,4
4774,6
4775,1
4776,6
4777,1
4778,4
4779,0
4780,9
4781,1
4782,1
4783,4
4784,6
4785,0
4786,0
4787,3
4788,6
4789,4
4790,0
4791,3
4792,7
4793,5
4794,2
4795,0
4796,7
4797,9
4798,5
4799,7
4800,1
4801,1
4802,4
4803,4
4804,1
4805,7
4806,2
4807,3
4808,4
4809,7
4810,1
4811,4
4812,0
4813,7
4814,2
4815,6
4816,9
4817,7
4818,9
4819,5
4820,0
4821,7
4822,5
4823,3
4824,1
4825,6
4826,4
4827,1
4828,6
4829,9
4830,7
4831,0
4832,0
4833,2
4834,1
4835,1
4836,8
4837,7
4838,5
4839,2
4840,2
4841,1
4842,6
4843,6
4844,6
4845,6
4846,7
4847,2
4848,1
4849,8
4850,5
4851,1
4852,7
4853,0
4854,4
4855,1
4856,6
4857,1
4858,7
4859,1
4860,9
4861,7
4862,5
4863,2
4864,9
4865,0
4866,6
4867,7
4868,4
4869,7
4870,1
4871,6
4872,7
4873,1
4874,7
4875,7
4876,7
4877,0
4878,4
4879,7
4880,0
4881,0
4882,9
4883,1
4884,4
4885,1
4886,0
4887,3
4888,0
4889,6
4890,4
4891,9
4892,0
4893,7
4894,8
4895,7
4896,4
4897,7
4898,1
4899,7
4900,5
4901,5
4902,9
4903,1
4904,7
4905,6
4906,4
4907,6
4908,2
4909,5
4910,9
4911,6
4912,2
4913,1
4914,1
4915,6
4916,1
4917,4
4918,2
4919,1
4920,1
4921,6
4922,3
4923,1
4924,2
4925,3
4926,9
4927,1
4928,4
4929,0
4930,1
4931,5
4932,1
4933,5
4934,4
4935,6
4936,1
4937,5
4938,0
4939,4
4940,7
4941,5
4942,5
4943,7
4944,0
4945,2
4946,0
4947,7
4948,9
4949,1
4950,6
4951,5
4952,8
4953,0
4954,3
4955,6
4956,6
4957,3
4958,2
4959,1
4960,7
4961,1
4962,7
4963,8
4964,4
4965,8
4966,5
4967,1
4968,7
4969,7
4970,1
4971,2
4972,5
4973,5
4974,9
4975,1
4976,6
4977,6
4978,7
4979,4
4980,2
4981,3
4982,0
4983,4
4984,1
4985,7
4986,7
4987,1
4988,7
4989,5
4990,5
4991,5
4992,1
4993,0
4994,2
4995,5
4996,1
4997,1
4998,3
4999,7
5000,1
5001,7
5002,7
5003,5
5004,7
5005,4
5006,7
5007,2
5008,7
5009,7
5010,5
5011,0
5012,4
5013,9
5014,5
5015,0
5016,1
5017,7
5018,1
5019,1
5020,2
5021,1
5022,4
5023,7
5024,9
5025,2
5026,3
5027,2
5028,7
5029,4
5030,5
5031,0
5032,4
5033,1
5034,3
5035,3
5036,8
5037,4
5038,1
5039,1
5040,1
5041,4
5042,6
5043,4
5044,6
5045,3
5046,1
5047,4
5048,4
5049,8
5050,5
5051,7
5052,6
5053,1
5054,9
5055,9
5056,2
5057,7
5058,7
5059,4
5060,7
5061,1
5062,5
5063,6
5064,4
5065,4
5066,6
5067,6
5068,9
5069,0
5070,1
5071,9
5072,2
5073,0
5074,4
5075,3
5076,3
5077,6
5078,7
5079,4
5080,6
5081,4
5082,1
5083,4
5084,1
5085,4
5086,1
5087,3
5088,3
5089,6
5090,6
5091,2
5092,5
5093,1
5094,3
5095,4
5096,7
5097,0
5098,4
5099,0
5100,5
5101,5
5102,4
5103,6
5104,7
5105,5
5106,6
5107,8
5108,9
5109,9
5110,9
5111,1
5112,5
5113,1
5114,1
5115,2
5116,0
5117,2
5118,1
5119,6
5120,5
5121,9
5122,0
5123,3
5124,5
5125,9
5126,5
5127,1
5128,0
5129,4
5130,5
5131,5
5132,7
5133,7
5134,6
5135,6
5136,2
5137,5
5138,2
5139,5
5140,3
5141,5
5142,7
5143,1
5144,7
5145,7
5146,4
5147,2
5148,1
5149,2
5150,5
5151,0
5152,3
5153,9
5154,5
5155,3
5156,9
5157,1
5158,3
5159,4
5160,9
5161,6
5162,5
5163,4
5164,6
5165,6
5166,1
5167,5
5168,1
5169,6
5170,7
5171,7
5172,5
5173,1
5174,4
5175,3
5176,2
5177,7
5178,6
5179,1
5180,3
5181,9
5182,4
5183,0
5184,0
5185,1
5186,5
5187,3
5188,1
5189,7
5190,4
5191,7
5192,3
5193,6
5194,1
5195,6
5196,7
5197,5
5198,3
5199,1
5200,0
5201,5
5202,1
5203,7
5204,1
5205,6
5206,1
5207,0
5208,0
5209,7
5210,5
5211,1
5212,3
5213,7
5214,5
5215,3
5216,5
5217,4
5218,0
5219,6
5220,7
5221,1
5222,2
5223,5
5224,1
5225,2
5226,6
5227,2
5228,4
5229,2
5230,6
5231,6
5232,5
5233,7
5234,6
5235,4
5236,5
5237,7
5238,0
5239,7
5240,1
5241,5
5242,2
5243,5
5244,4
5245,0
5246,5
5247,4
5248,5
5249,4
5250,1
5251,3
5252,4
5253,0
5254,0
5255,7
5256,7
5257,5
5258,4
5259,9
5260,0
5261,7
5262,4
5263,1
5264,7
5265,4
5266,2
5267,7
5268,5
5269,9
5270,6
5271,6
5272,0
5273,4
5274,7
5275,1
5276,7
5277,5
5278,6
5279,4
5280,1
5281,0
5282,1
5283,3
5284,2
5285,2
5286,4
5287,7
5288,7
5289,1
5290,7
5291,3
5292,9
5293,1
5294,5
5295,0
5296,2
5297,2
5298,2
5299,1
5300,6
5301,2
5302,1
5303,7
5304,2
5305,7
5306,1
5307,0
5308,7
5309,5
5310,5
5311,5
5312,2
5313,3
5314,1
5315,0
5316,4
5317,1
5318,6
5319,4
5320,0
5321,1
5322,1
5323,5
5324,6
5325,1
5326,0
5327,2
5328,5
5329,6
5330,6
5331,0
5332,7
5333,0
5334,3
5335,6
5336,1
5337,2
5338,0
5339,3
5340,6
5341,6
5342,5
5343,0
5344,8
5345,5
5346,2
5347,4
5348,2
5349,5
5350,1
5351,5
5352,5
5353,4
5354,0
5355,1
5356,1
5357,0
5358,3
5359,3
5360,1
5361,7
5362,6
5363,0
5364,4
5365,7
5366,9
5367,1
5368,1
5369,2
5370,1
5371,1
5372,4
5373,0
5374,6
5375,5
5376,3
5377,2
5378,0
5379,1
5380,7
5381,7
5382,7
5383,0
5384,7
5385,1
5386,4
5387,1
5388,8
5389,3
5390,6
5391,2
5392,7
5393,5
5394,3
5395,0
5396,6
5397,7
5398,2
5399,4
5400,2
5401,3
5402,7
5403,0
5404,7
5405,1
5406,1
5407,7
5408,7
5409,7
5410,6
5411,0
5412,4
5413,6
5414,3
5415,4
5416,9
5417,7
5418,4
5419,1
5420,1
5421,1
5422,1
5423,1
5424,7
5425,3
5426,0
5427,7
5428,7
5429,7
5430,0
5431,1
5432,0
5433,0
5434,1
5435,2
5436,5
5437,8
5438,5
5439,0
5440,5
5441,2
5442,0
5443,4
5444,4
5445,5
5446,7
5447,6
5448,7
5449,7
5450,4
5451,3
5452,1
5453,2
5454,5
5455,5
5456,2
5457,1
5458,4
5459,1
5460,6
5461,1
5462,4
5463,4
5464,5
5465,7
5466,7
5467,1
5468,1
5469,7
5470,0
5471,7
5472,6
5473,0
5474,6
5475,1
5476,6
5477,0
5478,1
5479,9
5480,1
5481,2
5482,1
5483,1
5484,1
5485,5
5486,4
5487,9
5488,2
5489,5
5490,4
5491,9
5492,0
5493,0
5494,8
5495,6
5496,1
5497,1
5498,4
5499,4
5500,7
5501,4
5502,0
5503,0
5504,5
5505,7
5506,4
5507,5
5508,4
5509,1
5510,6
5511,7
5512,1
5513,9
5514,5
5515,0
5516,1
5517,6
5518,5
5519,0
5520,6
5521,9
5522,6
5523,1
5524,2
5525,4
5526,0
5527,7
5528,0
5529,5
5530,4
5531,7
5532,0
5533,8
5534,3
5535,4
5536,2
5537,0
5538,0
5539,6
5540,7
5541,7
5542,0
5543,1
5544,4
5545,1
5546,8
5547,5
5548,7
5549,1
5550,7
5551,6
5552,2
5553,2
5554,5
5555,2
5556,4
5557,1
5558,0
5559,1
5560,3
5561,1
5562,9
5563,1
5564,7
5565,1
5566,7
5567,5
5568,0
5569,1
5570,6
5571,1
5572,7
5573,1
5574,3
5575,4
5576,7
5577,7
5578,9
5579,9
5580,0
5581,3
5582,6
5583,2
5584,1
5585,6
5586,0
5587,3
5588,1
5589,0
5590,1
5591,6
5592,6
5593,1
5594,5
5595,5
5596,4
5597,1
5598,2
5599,8
5600,6
5601,1
5602,7
5603,4
5604,1
5605,3
5606,1
5607,1
5608,4
5609,0
5610,1
5611,1
5612,4
5613,0
5614,6
5615,4
5616,3
5617,4
5618,1
5619,1
5620,6
5621,0
5622,7
5623,7
5624,2
5625,3
5626,4
5627,7
5628,5
5629,1
5630,3
5631,3
5632,7
5633,5
5634,5
5635,8
5636,2
5637,1
5638,3
5639,6
5640,0
5641,7
5642,7
5643,1
5644,0
5645,6
5646,1
5647,6
5648,5
5649,1
5650,3
5651,5
5652,4
5653,7
5654,5
5655,5
5656,8
5657,1
5658,3
5659,6
5660,0
5661,6
5662,1
5663,4
5664,2
5665,2
5666,5
5667,6
5668,1
5669,1
5670,1
5671,0
5672,7
5673,0
5674,0
5675,0
5676,4
5677,7
5678,2
5679,9
5680,0
5681,1
5682,4
5683,0
5684,3
5685,7
5686,3
5687,3
5688,3
5689,3
5690,9
5691,0
5692,2
5693,7
5694,0
5695,1
5696,4
5697,3
5698,4
5699,1
5700,6
5701,4
5702,2
5703,4
5704,1
5705,4
5706,8
5707,2
5708,6
5709,6
5710,1
5711,6
5712,7
5713,4
5714,7
5715,2
5716,0
5717,0
5718,1
5719,7
5720,7
5721,6
5722,1
5723,7
5724,6
5725,7
5726,7
5727,1
5728,3
5729,6
5730,4
5731,6
5732,0
5733,9
5734,2
5735,0
5736,1
5737,3
5738,5
5739,4
5740,4
5741,7
5742,9
5743,5
5744,3
5745,1
5746,4
5747,2
5748,5
5749,1
5750,5
5751,1
5752,7
5753,3
5754,1
5755,1
5756,5
5757,7
5758,0
5759,0
5760,2
5761,4
5762,5
5763,0
5764,5
5765,9
5766,7
5767,4
5768,3
5769,5
5770,6
5771,7
5772,2
5773,7
5774,5
5775,0
5776,7
5777,0
5778,2
5779,4
5780,6
5781,2
5782,7
5783,0
5784,0
5785,1
5786,6
5787,3
5788,4
5789,4
5790,3
5791,4
5792,1
5793,3
5794,5
5795,7
5796,0
5797,2
5798,1
5799,6
5800,1
5801,5
5802,4
5803,1
5804,1
5805,0
5806,6
5807,0
5808,1
5809,3
5810,1
5811,2
5812,1
5813,5
5814,0
5815,0
5816,5
5817,5
5818,0
5819,9
5820,4
5821,5
5822,1
5823,6
5824,1
5825,8
5826,4
5827,4
5828,1
5829,6
5830,6
5831,3
5832,6
5833,4
5834,5
5835,0
5836,7
5837,1
5838,2
5839,5
5840,1
5841,1
5842,0
5843,7
5844,1
5845,5
5846,0
5847,4
5848,1
5849,7
5850,6
5851,4
5852,0
5853,7
5854,5
5855,4
5856,7
5857,6
5858,7
5859,6
5860,6
5861,7
5862,0
5863,4
5864,9
5865,2
5866,1
5867,4
5868,3
5869,1
5870,5
5871,5
5872,9
5873,1
5874,1
5875,1
5876,3
5877,7
5878,7
5879,0
5880,5
5881,5
5882,4
5883,0
5884,0
5885,2
5886,0
5887,7
5888,6
5889,0
5890,7
5891,6
5892,5
5893,4
5894,1
5895,0
5896,5
5897,9
5898,7
5899,1
5900,5
5901,4
5902,7
5903,9
5904,2
5905,4
5906,4
5907,0
5908,7
5909,1
5910,6
5911,3
5912,2
5913,5
5914,6
5915,0
5916,6
5917,1
5918,7
5919,0
5920,4
5921,1
5922,7
5923,5
5924,1
5925,4
5926,2
5927,2
5928,1
5929,2
5930,4
5931,1
5932,0
5933,6
5934,7
5935,4
5936,3
5937,5
5938,1
5939,0
5940,1
5941,4
5942,0
5943,4
5944,5
5945,5
5946,9
5947,4
5948,5
5949,2
5950,1
5951,7
5952,4
5953,1
5954,2
5955,4
5956,1
5957,7
5958,7
5959,2
5960,3
5961,7
5962,4
5963,0
5964,0
5965,1
5966,0
5967,6
5968,1
5969,5
5970,7
5971,2
5972,7
5973,7
5974,1
5975,0
5976,4
5977,1
5978,1
5979,5
5980,6
5981,4
5982,9
5983,4
5984,7
5985,7
5986,7
5987,7
5988,0
5989,1
5990,4
5991,3
5992,7
5993,9
5994,0
5995,7
5996,5
5997,9
5998,5
5999,2
6000,5
6001,5
6002,7
6003,7
6004,6
6005,1
6006,9
6007,3
6008,5
6009,6
6010,6
6011,1
6012,7
6013,7
6014,7
6015,1
6016,0
6017,4
6018,2
6019,3
6020,8
6021,1
6022,1
6023,7
6024,1
6025,1
6026,7
6027,2
6028,5
6029,3
6030,5
6031,7
6032,4
6033,0
6034,4
6035,1
6036,6
6037,0
6038,2
6039,9
6040,6
6041,4
6042,5
6043,0
6044,1
6045,0
6046,1
6047,1
6048,2
6049,6
6050,3
6051,2
6052,1
6053,0
6054,7
6055,2
6056,1
6057,4
6058,5
6059,6
6060,8
6061,1
6062,6
6063,7
6064,2
6065,2
6066,7
6067,1
6068,0
6069,1
6070,7
6071,6
6072,5
6073,2
6074,0
6075,2
6076,0
6077,3
6078,4
6079,5
6080,6
6081,0
6082,6
6083,1
6084,1
6085,4
6086,1
6087,0
6088,0
6089,7
6090,2
6091,2
6092,5
6093,3
6094,1
6095,4
6096,9
6097,3
6098,1
6099,4
6100,7
6101,5
6102,7
6103,1
6104,4
6105,4
6106,5
6107,1
6108,7
6109,7
6110,5
6111,1
6112,1
6113,5
6114,3
6115,9
6116,1
6117,0
6118,7
6119,2
6120,0
6121,5
6122,1
6123,7
6124,0
6125,7
6126,0
6127,1
6128,1
6129,5
6130,4
6131,1
6132,7
6133,4
6134,0
6135,1
6136,9
6137,5
6138,2
6139,5
6140,3
6141,7
6142,4
6143,5
6144,5
6145,1
6146,1
6147,1
6148,8
6149,1
6150,0
6151,1
6152,6
6153,0
6154,1
6155,9
6156,5
6157,0
6158,2
6159,1
6160,1
6161,2
6162,7
6163,7
6164,1
6165,1
6166,6
6167,1
6168,7
6169,5
6170,5
6171,5
6172,0
6173,0
6174,3
6175,7
6176,7
6177,4
6178,4
6179,0
6180,3
6181,1
6182,1
6183,6
6184,4
6185,6
6186,0
6187,5
6188,7
6189,4
6190,0
6191,4
6192,1
6193,0
6194,7
6195,7
6196,1
6197,4
6198,4
6199,6
6200,4
6201,7
6202,3
6203,1
6204,7
6205,7
6206,7
6207,5
6208,5
6209,5
6210,3
6211,3
6212,0
6213,1
6214,3
6215,7
6216,7
6217,5
6218,4
6219,7
6220,4
6221,0
6222,0
6223,6
6224,6
6225,4
6226,2
6227,9
6228,7
6229,1
6230,4
6231,1
6232,3
6233,5
6234,7
6235,6
6236,3
6237,0
6238,2
6239,5
6240,7
6241,1
6242,4
6243,1
6244,1
6245,0
6246,4
6247,0
6248,1
6249,4
6250,3
6251,5
6252,6
6253,5
6254,3
6255,2
6256,2
6257,3
6258,1
6259,4
6260,1
6261,1
6262,6
6263,4
6264,0
6265,5
6266,1
6267,0
6268,6
6269,0
6270,4
6271,7
6272,0
6273,3
6274,7
6275,9
6276,6
6277,5
6278,5
6279,1
6280,3
6281,5
6282,7
6283,7
6284,1
6285,1
6286,4
6287,2
6288,7
6289,1
6290,2
6291,0
6292,0
6293,2
6294,9
6295,9
6296,1
6297,8
6298,7
6299,2
6300,4
6301,1
6302,4
6303,8
6304,1
6305,5
6306,7
6307,1
6308,3
6309,2
6310,9
6311,7
6312,7
6313,7
6314,0
6315,1
6316,0
6317,4
6318,7
6319,4
6320,0
6321,7
6322,3
6323,6
6324,0
6325,0
6326,6
6327,3
6328,7
6329,1
6330,4
6331,6
6332,0
6333,4
6334,0
6335,4
6336,5
6337,6
6338,0
6339,1
6340,3
6341,5
6342,7
6343,6
6344,0
6345,3
6346,9
6347,9
6348,7
6349,5
6350,0
6351,3
6352,5
6353,7
6354,9
6355,7
6356,3
6357,2
6358,7
6359,1
6360,0
6361,1
6362,4
6363,1
6364,4
6365,1
6366,4
6367,4
6368,6
6369,4
6370,1
6371,2
6372,1
6373,2
6374,4
6375,7
6376,1
6377,7
6378,6
6379,1
6380,4
6381,4
6382,9
6383,7
6384,1
6385,3
6386,1
6387,5
6388,1
6389,1
6390,0
6391,4
6392,3
6393,7
6394,1
6395,1
6396,5
6397,7
6398,0
6399,7
6400,9
6401,7
6402,5
6403,5
6404,1
6405,4
6406,4
6407,6
6408,7
6409,2
6410,1
6411,3
6412,9
6413,1
6414,2
6415,7
6416,5
6417,5
6418,7
6419,7
6420,7
6421,5
6422,4
6423,8
6424,1
6425,0
6426,5
6427,0
6428,7
6429,2
6430,2
6431,1
6432,3
6433,1
6434,9
6435,7
6436,3
6437,3
6438,3
6439,4
6440,1
6441,3
6442,1
6443,5
6444,7
6445,0
6446,3
6447,0
6448,1
6449,1
6450,3
6451,4
6452,5
6453,4
6454,1
6455,6
6456,7
6457,5
6458,7
6459,5
6460,7
6461,8
6462,4
6463,2
6464,7
6465,9
6466,5
6467,1
6468,0
6469,6
6470,6
6471,9
6472,7
6473,2
6474,6
6475,4
6476,1
6477,7
6478,6
6479,0
6480,7
6481,7
6482,9
6483,5
6484,7
6485,1
6486,5
6487,7
6488,4
6489,0
6490,9
6491,1
6492,9
6493,0
6494,7
6495,0
6496,0
6497,6
6498,7
6499,5
6500,1
6501,4
6502,3
6503,5
6504,1
6505,7
6506,4
6507,4
6508,1
6509,6
6510,0
6511,4
6512,1
6513,0
6514,7
6515,2
6516,1
6517,1
6518,0
6519,4
6520,3
6521,6
6522,4
6523,5
6524,5
6525,3
6526,5
6527,0
6528,9
6529,1
6530,4
6531,4
6532,3
6533,6
6534,3
6535,1
6536,7
6537,2
6538,4
6539,7
6540,2
6541,5
6542,0
6543,2
6544,4
6545,7
6546,5
6547,1
6548,4
6549,4
6550,7
6551,5
6552,6
6553,5
6554,4
6555,7
6556,1
6557,1
6558,5
6559,0
6560,1
6561,5
6562,5
6563,0
6564,4
6565,6
6566,3
6567,7
6568,9
6569,1
6570,7
6571,2
6572,1
6573,8
6574,5
6575,1
6576,1
6577,4
6578,1
6579,7
6580,1
6581,1
6582,2
6583,6
6584,9
6585,1
6586,3
6587,7
6588,1
6589,1
6590,1
6591,7
6592,0
6593,1
6594,0
6595,4
6596,1
6597,4
6598,9
6599,0
6600,0
6601,6
6602,3
6603,4
6604,6
6605,6
6606,1
6607,1
6608,1
6609,1
6610,1
6611,9
6612,7
6613,6
6614,7
6615,3
6616,5
6617,3
6618,4
6619,5
6620,1
6621,0
6622,0
6623,4
6624,5
6625,6
6626,1
6627,7
6628,5
6629,7
6630,7
6631,6
6632,2
6633,3
6634,5
6635,7
6636,4
6637,4
6638,1
6639,0
6640,3
6641,5
6642,1
6643,5
6644,9
6645,9
6646,3
6647,7
6648,4
6649,1
6650,4
6651,5
6652,7
6653,7
6654,6
6655,5
6656,1
6657,5
6658,0
6659,2
6660,7
6661,1
6662,7
6663,7
6664,4
6665,0
6666,3
6667,0
6668,0
6669,2
6670,7
6671,9
6672,0
6673,7
6674,7
6675,1
6676,1
6677,5
6678,1
6679,1
6680,2
6681,8
6682,7
6683,6
6684,1
6685,3
6686,2
6687,6
6688,5
6689,9
6690,0
6691,6
6692,2
6693,0
6694,7
6695,1
6696,7
6697,7
6698,3
6699,7
6700,2
6701,7
6702,2
6703,4
6704,0
6705,0
6706,7
6707,9
6708,4
6709,1
6710,4
6711,4
6712,2
6713,0
6714,7
6715,4
6716,1
6717,1
6718,1
6719,7
6720,6
6721,7
6722,7
6723,1
6724,0
6725,9
6726,2
6727,5
6728,2
6729,4
6730,5
6731,2
6732,0
6733,7
6734,4
6735,7
6736,1
6737,5
6738,3
6739,0
6740,1
6741,0
6742,4
6743,3
6744,5
6745,1
6746,6
6747,1
6748,2
6749,0
6750,0
6751,6
6752,7
6753,9
6754,6
6755,4
6756,3
6757,2
6758,0
6759,1
6760,4
6761,1
6762,1
6763,5
6764,5
6765,2
6766,9
6767,6
6768,0
6769,1
6770,4
6771,1
6772,7
6773,7
6774,1
6775,7
6776,1
6777,1
6778,0
6779,5
6780,5
6781,4
6782,5
6783,7
6784,7
6785,7
6786,0
6787,8
6788,1
6789,7
6790,4
6791,9
6792,0
6793,9
6794,7
6795,4
6796,2
6797,1
6798,2
6799,3
6800,4
6801,0
6802,6
6803,2
6804,2
6805,4
6806,4
6807,5
6808,8
6809,0
6810,7
6811,1
6812,1
6813,0
6814,9
6815,3
6816,1
6817,6
6818,0
6819,1
6820,0
6821,1
6822,7
6823,0
6824,2
6825,6
6826,5
6827,7
6828,0
6829,7
6830,1
6831,1
6832,1
6833,6
6834,0
6835,3
6836,7
6837,4
6838,8
6839,2
6840,0
6841,6
6842,1
6843,7
6844,5
6845,7
6846,1
6847,0
6848,1
6849,4
6850,5
6851,4
6852,1
6853,4
6854,4
6855,0
6856,1
6857,0
6858,9
6859,3
6860,0
6861,1
6862,6
6863,6
6864,0
6865,0
6866,8
6867,5
6868,6
6869,3
6870,4
6871,0
6872,5
6873,0
6874,9
6875,4
6876,6
6877,9
6878,4
6879,2
6880,0
6881,2
6882,7
6883,0
6884,1
6885,2
6886,5
6887,5
6888,9
6889,1
6890,1
6891,7
6892,9
6893,7
6894,1
6895,7
6896,7
6897,3
6898,5
6899,1
6900,0
6901,6
6902,4
6903,6
6904,7
6905,7
6906,1
6907,0
6908,3
6909,6
6910,0
6911,6
6912,2
6913,5
6914,0
6915,7
6916,6
6917,3
6918,4
6919,9
6920,3
6921,6
6922,4
6923,2
6924,4
6925,2
6926,6
6927,7
6928,2
6929,1
6930,1
6931,2
6932,1
6933,2
6934,3
6935,0
6936,7
6937,4
6938,9
6939,1
6940,6
6941,0
6942,1
6943,0
6944,1
6945,4
6946,5
6947,0
6948,7
6949,1
6950,0
6951,1
6952,1
6953,6
6954,1
6955,1
6956,1
6957,3
6958,8
6959,4
6960,5
6961,1
6962,0
6963,4
6964,2
6965,2
6966,2
6967,1
6968,0
6969,6
6970,3
6971,1
6972,4
6973,1
6974,5
6975,7
6976,3
6977,7
6978,0
6979,2
6980,4
6981,2
6982,2
6983,6
6984,9
6985,4
6986,7
6987,2
6988,1
6989,2
6990,4
6991,4
6992,0
6993,7
6994,7
6995,0
6996,6
6997,6
6998,9
6999,7
7000,4
7001,3
7002,6
7003,6
7004,9
7005,2
7006,2
7007,1
7008,8
7009,1
7010,1
7011,4
7012,1
7013,5
7014,9
7015,5
7016,7
7017,2
7018,6
7019,2
7020,7
7021,5
7022,2
7023,0
7024,7
7025,3
7026,7
7027,0
7028,7
7029,3
7030,2
7031,7
7032,3
7033,7
7034,5
7035,2
7036,1
7037,7
7038,5
7039,3
7040,6
7041,7
7042,7
7043,2
7044,5
7045,4
7046,1
7047,3
7048,7
7049,2
7050,2
7051,3
7052,2
7053,5
7054,1
7055,1
7056,0
7057,7
7058,1
7059,0
7060,2
7061,1
7062,7
7063,9
7064,6
7065,1
7066,7
7067,1
7068,1
7069,7
7070,9
7071,2
7072,9
7073,4
7074,3
7075,4
7076,5
7077,7
7078,6
7079,2
7080,2
7081,1
7082,0
7083,4
7084,1
7085,7
7086,7
7087,4
7088,1
7089,7
7090,0
7091,4
7092,3
7093,4
7094,3
7095,5
7096,3
7097,8
7098,5
7099,7
7100,1
7101,6
7102,7
7103,4
7104,1
7105,5
7106,1
7107,6
7108,5
7109,7
7110,3
7111,0
7112,9
7113,7
7114,2
7115,7
7116,3
7117,1
7118,3
7119,0
7120,7
7121,3
7122,9
7123,9
7124,6
7125,4
7126,1
7127,6
7128,7
7129,6
7130,7
7131,5
7132,7
7133,9
7134,6
7135,7
7136,0
7137,1
7138,7
7139,0
7140,6
7141,7
7142,4
7143,4
7144,1
7145,7
7146,0
7147,7
7148,7
7149,4
7150,1
7151,7
7152,3
7153,4
7154,1
7155,3
7156,5
7157,1
7158,4
7159,0
7160,0
7161,0
7162,5
7163,5
7164,6
7165,7
7166,4
7167,1
7168,7
7169,1
7170,7
7171,4
7172,6
7173,1
7174,5
7175,3
7176,4
7177,2
7178,7
7179,9
7180,5
7181,0
7182,5
7183,1
7184,3
7185,5
7186,1
7187,6
7188,1
7189,6
7190,1
7191,0
7192,5
7193,1
7194,9
7195,2
7196,4
7197,1
7198,2
7199,1
7200,7
7201,5
7202,7
7203,1
7204,5
7205,8
7206,7
7207,0
7208,7
7209,0
7210,7
7211,7
7212,4
7213,7
7214,1
7215,7
7216,6
7217,7
7218,0
7219,6
7220,1
7221,3
7222,9
7223,7
7224,0
7225,2
7226,3
7227,0
7228,5
7229,0
7230,5
7231,2
7232,1
7233,5
7234,9
7235,9
7236,1
7237,4
7238,5
7239,0
7240,0
7241,7
7242,0
7243,2
7244,9
7245,0
7246,7
7247,4
7248,1
7249,5
7250,4
7251,4
7252,0
7253,2
7254,9
7255,1
7256,5
7257,1
7258,0
7259,5
7260,3
7261,3
7262,1
7263,0
7264,0
7265,9
7266,9
7267,2
7268,0
7269,7
7270,1
7271,1
7272,1
7273,0
7274,2
7275,7
7276,1
7277,2
7278,2
7279,9
7280,4
7281,3
7282,7
7283,3
7284,5
7285,4
7286,8
7287,5
7288,7
7289,7
7290,4
7291,7
7292,1
7293,4
7294,0
7295,9
7296,1
7297,0
7298,6
7299,1
7300,6
7301,2
7302,3
7303,7
7304,7
7305,7
7306,1
7307,3
7308,2
7309,3
7310,1
7311,1
7312,5
7313,0
7314,3
7315,5
7316,1
7317,4
7318,0
7319,1
7320,1
7321,3
7322,0
7323,2
7324,6
7325,0
7326,1
7327,4
7328,2
7329,4
7330,2
7331,6
7332,6
7333,5
7334,0
7335,2
7336,5
7337,2
7338,7
7339,1
7340,4
7341,9
7342,0
7343,6
7344,2
7345,7
7346,2
7347,5
7348,6
7349,1
7350,7
7351,5
7352,5
7353,1
7354,1
7355,4
7356,1
7357,6
7358,0
7359,7
7360,9
7361,0
7362,1
7363,7
7364,6
7365,1
7366,6
7367,6
7368,4
7369,5
7370,3
7371,8
7372,0
7373,6
7374,5
7375,4
7376,4
7377,3
7378,7
7379,6
7380,3
7381,6
7382,5
7383,4
7384,7
7385,1
7386,5
7387,6
7388,2
7389,5
7390,1
7391,4
7392,5
7393,1
7394,0
7395,6
7396,7
7397,0
7398,6
7399,7
7400,1
7401,0
7402,9
7403,1
7404,7
7405,7
7406,9
7407,4
7408,5
7409,1
7410,6
7411,1
7412,9
7413,4
7414,4
7415,1
7416,7
7417,0
7418,1
7419,1
7420,7
7421,5
7422,6
7423,4
7424,5
7425,4
7426,7
7427,4
7428,7
7429,0
7430,5
7431,4
7432,2
7433,0
7434,0
7435,9
7436,2
7437,7
7438,5
7439,4
7440,2
7441,3
7442,1
7443,4
7444,1
7445,6
7446,3
7447,1
7448,7
7449,6
7450,2
7451,5
7452,7
7453,4
7454,0
7455,1
7456,2
7457,4
7458,7
7459,1
7460,1
7461,6
7462,7
7463,5
7464,4
7465,3
7466,6
7467,1
7468,1
7469,9
7470,0
7471,7
7472,4
7473,0
7474,2
7475,4
7476,7
7477,5
7478,1
7479,7
7480,7
7481,1
7482,4
7483,1
7484,0
7485,1
7486,0
7487,5
7488,1
7489,1
7490,0
7491,2
7492,4
7493,7
7494,2
7495,3
7496,1
7497,7
7498,6
7499,2
7500,1
7501,4
7502,4
7503,1
7504,4
7505,1
7506,6
7507,7
7508,7
7509,6
7510,7
7511,4
7512,6
7513,7
7514,4
7515,6
7516,2
7517,1
7518,7
7519,9
7520,0
7521,1
7522,1
7523,1
7524,6
7525,5
7526,1
7527,7
7528,0
7529,1
7530,0
7531,5
7532,3
7533,5
7534,5
7535,0
7536,7
7537,2
7538,3
7539,2
7540,2
7541,0
7542,7
7543,4
7544,5
7545,3
7546,5
7547,0
7548,2
7549,0
7550,1
7551,3
7552,7
7553,7
7554,1
7555,7
7556,1
7557,1
7558,9
7559,7
7560,6
7561,4
7562,6
7563,0
7564,0
7565,3
7566,0
7567,1
7568,7
7569,7
7570,1
7571,2
7572,6
7573,9
7574,7
7575,7
7576,5
7577,4
7578,0
7579,5
7580,0
7581,7
7582,7
7583,0
7584,4
7585,5
7586,5
7587,3
7588,7
7589,7
7590,3
7591,9
7592,6
7593,7
7594,0
7595,2
7596,3
7597,3
7598,0
7599,0
7600,1
7601,7
7602,6
7603,7
7604,7
7605,7
7606,7
7607,5
7608,3
7609,2
7610,4
7611,2
7612,7
7613,4
7614,4
7615,0
7616,5
7617,2
7618,1
7619,1
7620,6
7621,7
7622,7
7623,2
7624,1
7625,5
7626,7
7627,0
7628,4
7629,5
7630,4
7631,7
7632,1
7633,4
7634,3
7635,9
7636,0
7637,9
7638,5
7639,1
7640,3
7641,7
7642,4
7643,9
7644,1
7645,3
7646,2
7647,4
7648,6
7649,5
7650,7
7651,4
7652,7
7653,9
7654,0
7655,1
7656,8
7657,7
7658,4
7659,1
7660,4
7661,1
7662,5
7663,9
7664,8
7665,2
7666,7
7667,1
7668,0
7669,6
7670,2
7671,1
7672,1
7673,7
7674,0
7675,1
7676,8
7677,7
7678,7
7679,2
7680,1
7681,0
7682,7
7683,2
7684,1
7685,1
7686,0
7687,4
7688,7
7689,4
7690,5
7691,0
7692,1
7693,6
7694,5
7695,2
7696,4
7697,0
7698,9
7699,7
7700,1
7701,1
7702,7
7703,6
7704,0
7705,7
7706,1
7707,1
7708,7
7709,7
7710,3
7711,0
7712,4
7713,5
7714,2
7715,5
7716,1
7717,1
7718,6
7719,4
7720,6
7721,2
7722,1
7723,7
7724,0
7725,6
7726,0
7727,3
7728,7
7729,4
7730,7
7731,2
7732,0
7733,0
7734,1
7735,7
7736,2
7737,6
7738,1
7739,0
7740,1
7741,0
7742,7
7743,6
7744,5
7745,7
7746,0
7747,5
7748,9
7749,1
7750,5
7751,1
7752,5
7753,9
7754,1
7755,1
7756,0
7757,6
7758,6
7759,5
7760,0
7761,6
7762,5
7763,2
7764,1
7765,7
7766,0
7767,1
7768,1
7769,4
7770,7
7771,7
7772,1
7773,2
7774,4
7775,7
7776,6
7777,7
7778,7
7779,0
7780,2
7781,0
7782,5
7783,2
7784,7
7785,1
7786,4
7787,0
7788,4
7789,5
7790,2
7791,6
7792,6
7793,1
7794,4
7795,2
7796,1
7797,0
7798,6
7799,2
7800,1
7801,1
7802,5
7803,5
7804,7
7805,6
7806,0
7807,3
7808,7
7809,1
7810,1
7811,1
7812,3
7813,3
7814,5
7815,1
7816,1
7817,1
7818,1
7819,2
7820,4
7821,1
7822,0
7823,6
7824,7
7825,6
7826,9
7827,6
7828,6
7829,9
7830,1
7831,8
7832,5
7833,6
7834,3
7835,4
7836,0
7837,1
7838,7
7839,4
7840,4
7841,1
7842,7
7843,1
7844,0
7845,1
7846,7
7847,6
7848,1
7849,5
7850,2
7851,0
7852,5
7853,7
7854,5
7855,0
7856,4
7857,7
7858,1
7859,3
7860,4
7861,7
7862,3
7863,2
7864,3
7865,0
7866,1
7867,3
7868,5
7869,7
7870,0
7871,5
7872,4
7873,2
7874,6
7875,0
7876,1
7877,0
7878,7
7879,4
7880,1
7881,1
7882,4
7883,1
7884,0
7885,1
7886,3
7887,2
7888,2
7889,1
7890,6
7891,4
7892,5
7893,4
7894,1
7895,5
7896,5
7897,2
7898,7
7899,5
7900,0
7901,5
7902,3
7903,5
7904,3
7905,3
7906,5
7907,1
7908,1
7909,5
7910,1
7911,9
7912,0
7913,2
7914,0
7915,4
7916,7
7917,7
7918,7
7919,1
7920,0
7921,7
7922,1
7923,0
7924,2
7925,1
7926,5
7927,8
7928,7
7929,2
7930,4
7931,0
7932,1
7933,0
7934,3
7935,4
7936,0
7937,7
7938,5
7939,6
7940,7
7941,1
7942,9
7943,7
7944,5
7945,1
7946,0
7947,0
7948,3
7949,1
7950,4
7951,0
7952,0
7953,7
7954,5
7955,0
7956,1
7957,1
7958,2
7959,1
7960,7
7961,6
7962,9
7963,1
7964,7
7965,1
7966,1
7967,1
7968,9
7969,4
7970,9
7971,1
7972,7
7973,0
7974,7
7975,2
7976,0
7977,7
7978,6
7979,1
7980,5
7981,0
7982,5
7983,1
7984,5
7985,2
7986,7
7987,0
7988,6
7989,6
7990,7
7991,7
7992,9
7993,7
7994,0
7995,4
7996,7
7997,0
7998,2
7999,7
8000,7
8001,4
8002,2
8003,2
8004,2
8005,6
8006,7
8007,2
8008,9
8009,5
8010,9
8011,9
8012,3
8013,0
8014,2
8015,2
8016,5
8017,5
8018,1
8019,6
8020,1
8021,1
8022,5
8023,7
8024,0
8025,5
8026,5
8027,4
8028,1
8029,7
8030,9
8031,1
8032,9
8033,0
8034,1
8035,1
8036,2
8037,4
8038,0
8039,2
8040,6
8041,7
8042,1
8043,2
8044,2
8045,5
8046,6
8047,0
8048,4
8049,2
8050,6
8051,7
8052,2
8053,0
8054,6
8055,0
8056,0
8057,0
8058,7
8059,6
8060,5
8061,7
8062,7
8063,0
8064,2
8065,9
8066,0
8067,4
8068,5
8069,7
8070,6
8071,4
8072,7
8073,6
8074,2
8075,3
8076,0
8077,6
8078,7
8079,7
8080,7
8081,1
8082,9
8083,0
8084,1
8085,3
8086,1
8087,3
8088,8
8089,9
8090,1
8091,7
8092,0
8093,0
8094,1
8095,4
8096,4
8097,7
8098,7
8099,6
8100,4
8101,3
8102,0
8103,7
8104,9
8105,7
8106,5
8107,7
8108,4
8109,0
8110,4
8111,6
8112,1
8113,0
8114,7
8115,3
8116,7
8117,7
8118,1
8119,1
8120,5
8121,1
8122,7
8123,0
8124,7
8125,1
8126,2
8127,7
8128,7
8129,5
8130,7
8131,1
8132,3
8133,3
8134,7
8135,1
8136,7
8137,7
8138,6
8139,1
8140,7
8141,1
8142,3
8143,1
8144,1
8145,6
8146,0
8147,1
8148,0
8149,7
8150,2
8151,4
8152,5
8153,5
8154,0
8155,0
8156,1
8157,5
8158,0
8159,6
8160,3
8161,7
8162,5
8163,7
8164,7
8165,0
8166,3
8167,2
8168,1
8169,6
8170,9
8171,0
8172,4
8173,7
8174,4
8175,9
8176,1
8177,5
8178,5
8179,5
8180,7
8181,1
8182,6
8183,7
8184,0
8185,1
8186,5
8187,7
8188,8
8189,6
8190,7
8191,2
8192,6
8193,4
8194,4
8195,7
8196,7
8197,4
8198,6
8199,0
8200,1
8201,7
8202,1
8203,4
8204,6
8205,7
8206,6
8207,6
8208,6
8209,2
8210,7
8211,1
8212,7
8213,1
8214,4
8215,9
8216,0
8217,7
8218,6
8219,6
8220,7
8221,7
8222,2
8223,4
8224,0
8225,1
8226,7
8227,5
8228,1
8229,7
8230,3
8231,5
8232,3
8233,1
8234,6
8235,1
8236,0
8237,7
8238,4
8239,0
8240,0
8241,9
8242,0
8243,3
8244,4
8245,9
8246,9
8247,1
8248,5
8249,1
8250,3
8251,2
8252,6
8253,4
8254,5
8255,4
8256,0
8257,1
8258,9
8259,7
8260,7
8261,5
8262,7
8263,6
8264,7
8265,2
8266,1
8267,1
8268,0
8269,2
8270,1
8271,6
8272,1
8273,0
8274,4
8275,5
8276,5
8277,1
8278,7
8279,1
8280,0
8281,4
8282,7
8283,2
8284,5
8285,5
8286,9
8287,2
8288,6
8289,6
8290,1
8291,3
8292,7
8293,6
8294,7
8295,6
8296,0
8297,0
8298,6
8299,4
8300,7
8301,4
8302,6
8303,7
8304,3
8305,1
8306,6
8307,1
8308,9
8309,4
8310,1
8311,7
8312,6
8313,8
8314,1
8315,5
8316,9
8317,2
8318,4
8319,7
8320,6
8321,7
8322,1
8323,7
8324,7
8325,6
8326,1
8327,0
8328,0
8329,1
8330,1
8331,0
8332,2
8333,0
8334,1
8335,7
8336,1
8337,0
8338,7
8339,5
8340,4
8341,1
8342,5
8343,6
8344,1
8345,1
8346,5
8347,3
8348,0
8349,3
8350,5
8351,4
8352,4
8353,7
8354,3
8355,7
8356,2
8357,0
8358,6
8359,4
8360,0
8361,7
8362,6
8363,4
8364,7
8365,7
8366,3
8367,8
8368,9
8369,0
8370,8
8371,6
8372,5
8373,1
8374,7
8375,3
8376,0
8377,5
8378,1
8379,2
8380,9
8381,7
8382,6
8383,0
8384,2
8385,1
8386,4
8387,6
8388,1
8389,1
8390,6
8391,6
8392,5
8393,1
8394,5
8395,4
8396,2
8397,5
8398,7
8399,2
8400,2
8401,5
8402,6
8403,7
8404,1
8405,6
8406,9
8407,7
8408,5
8409,1
8410,2
8411,6
8412,1
8413,2
8414,0
8415,7
8416,5
8417,2
8418,6
8419,1
8420,4
8421,5
8422,7
8423,2
8424,0
8425,0
8426,7
8427,4
8428,0
8429,0
8430,4
8431,6
8432,2
8433,2
8434,0
8435,0
8436,7
8437,6
8438,5
8439,5
8440,1
8441,5
8442,8
8443,4
8444,6
8445,6
8446,7
8447,1
8448,7
8449,0
8450,4
8451,6
8452,3
8453,5
8454,1
8455,1
8456,1
8457,0
8458,7
8459,7
8460,9
8461,7
8462,0
8463,1
8464,1
8465,1
8466,5
8467,7
8468,1
8469,4
8470,6
8471,4
8472,4
8473,6
8474,4
8475,4
8476,7
8477,7
8478,2
8479,3
8480,3
8481,5
8482,3
8483,0
8484,4
8485,0
8486,0
8487,9
8488,1
8489,4
8490,7
8491,1
8492,0
8493,7
8494,0
8495,7
8496,2
8497,3
8498,7
8499,7
8500,1
8501,2
8502,6
8503,2
8504,7
8505,7
8506,5
8507,1
8508,6
8509,6
8510,6
8511,8
8512,5
8513,5
8514,0
8515,1
8516,4
8517,0
8518,1
8519,7
8520,0
8521,7
8522,1
8523,1
8524,2
8525,1
8526,2
8527,5
8528,7
8529,7
8530,1
8531,5
8532,3
8533,5
8534,0
8535,6
8536,1
8537,1
8538,1
8539,6
8540,6
8541,2
8542,4
8543,4
8544,3
8545,7
8546,2
8547,4
8548,1
8549,1
8550,1
8551,8
8552,9
8553,7
8554,8
8555,5
8556,3
8557,4
8558,8
8559,0
8560,5
8561,2
8562,2
8563,9
8564,9
8565,5
8566,7
8567,7
8568,6
8569,4
8570,9
8571,5
8572,7
8573,4
8574,8
8575,6
8576,5
8577,1
8578,5
8579,5
8580,3
8581,1
8582,5
8583,9
8584,0
8585,0
8586,2
8587,1
8588,4
8589,9
8590,5
8591,4
8592,6
8593,1
8594,6
8595,7
8596,0
8597,2
8598,6
8599,3
8600,4
8601,1
8602,7
8603,8
8604,6
8605,7
8606,7
8607,2
8608,5
8609,1
8610,6
8611,3
8612,6
8613,4
8614,7
8615,1
8616,7
8617,7
8618,1
8619,3
8620,1
8621,7
8622,0
8623,1
8624,3
8625,1
8626,6
8627,4
8628,0
8629,9
8630,5
8631,2
8632,9
8633,3
8634,3
8635,7
8636,7
8637,1
8638,5
8639,5
8640,0
8641,5
8642,1
8643,1
8644,1
8645,7
8646,8
8647,7
8648,2
8649,1
8650,1
8651,5
8652,4
8653,7
8654,2
8655,7
8656,1
8657,1
8658,1
8659,4
8660,1
8661,2
8662,2
8663,5
8664,3
8665,1
8666,6
8667,6
8668,9
8669,1
8670,3
8671,5
8672,2
8673,1
8674,0
8675,4
8676,2
8677,2
8678,1
8679,7
8680,3
8681,9
8682,1
8683,5
8684,1
8685,9
8686,5
8687,7
8688,5
8689,7
8690,4
8691,4
8692,5
8693,7
8694,7
8695,7
8696,5
8697,7
8698,6
8699,5
8700,5
8701,7
8702,8
8703,5
8704,2
8705,0
8706,6
8707,5
8708,6
8709,3
8710,6
8711,0
8712,2
8713,9
8714,4
8715,3
8716,4
8717,1
8718,4
8719,5
8720,1
8721,5
8722,7
8723,7
8724,4
8725,0
8726,1
8727,6
8728,0
8729,1
8730,1
8731,6
8732,4
8733,5
8734,5
8735,7
8736,9
8737,6
8738,0
8739,1
8740,0
8741,5
8742,5
8743,4
8744,2
8745,1
8746,7
8747,3
8748,1
8749,1
8750,0
8751,6
8752,1
8753,6
8754,4
8755,4
8756,2
8757,1
8758,7
8759,9
8760,6
8761,1
8762,0
8763,5
8764,9
8765,7
8766,1
8767,2
8768,3
8769,3
8770,5
8771,9
8772,6
8773,6
8774,1
8775,2
8776,1
8777,7
8778,6
8779,5
8780,1
8781,1
8782,6
8783,1
8784,6
8785,2
8786,7
8787,5
8788,1
8789,5
8790,3
8791,4
8792,5
8793,1
8794,6
8795,5
8796,2
8797,4
8798,0
8799,7
8800,6
8801,1
8802,4
8803,1
8804,7
8805,4
8806,6
8807,4
8808,3
8809,3
8810,0
8811,1
8812,6
8813,1
8814,1
8815,4
8816,0
8817,1
8818,6
8819,7
8820,5
8821,8
8822,4
8823,7
8824,6
8825,3
8826,0
8827,6
8828,1
8829,2
8830,1
8831,5
8832,1
8833,4
8834,7
8835,2
8836,7
8837,7
8838,4
8839,4
8840,5
8841,0
8842,0
8843,4
8844,5
8845,4
8846,7
8847,1
8848,7
8849,3
8850,0
8851,7
8852,4
8853,5
8854,7
8855,4
8856,4
8857,5
8858,7
8859,0
8860,5
8861,6
8862,6
8863,7
8864,3
8865,7
8866,6
8867,4
8868,0
8869,7
8870,5
8871,7
8872,6
8873,1
8874,6
8875,4
8876,4
8877,6
8878,0
8879,7
8880,8
8881,1
8882,1
8883,6
8884,7
8885,6
8886,0
8887,2
8888,3
8889,6
8890,3
8891,2
8892,3
8893,5
8894,7
8895,8
8896,9
8897,7
8898,7
8899,6
8900,4
8901,1
8902,1
8903,5
8904,1
8905,4
8906,9
8907,7
8908,5
8909,0
8910,4
8911,0
8912,0
8913,7
8914,2
8915,0
8916,5
8917,6
8918,6
8919,7
8920,2
8921,0
8922,5
8923,0
8924,5
8925,7
8926,2
8927,7
8928,7
8929,2
8930,4
8931,1
8932,4
8933,1
8934,1
8935,6
8936,3
8937,2
8938,2
8939,1
8940,5
8941,1
8942,5
8943,0
8944,4
8945,1
8946,1
8947,1
8948,7
8949,0
8950,0
8951,0
8952,7
8953,1
8954,3
8955,1
8956,1
8957,1
8958,4
8959,1
8960,7
8961,7
8962,4
8963,5
8964,4
8965,0
8966,7
8967,9
8968,6
8969,7
8970,1
8971,5
8972,6
8973,6
8974,9
8975,5
8976,4
8977,4
8978,7
8979,0
8980,6
8981,2
8982,5
8983,1
8984,1
8985,7
8986,6
8987,2
8988,9
8989,0
8990,4
8991,3
8992,9
8993,0
8994,1
8995,6
8996,2
8997,7
8998,5
8999,4
9000,6
9001,0
9002,1
9003,7
9004,5
9005,7
9006,0
9007,7
9008,7
9009,5
9010,2
9011,9
9012,0
9013,0
9014,8
9015,6
9016,1
9017,0
9018,1
9019,9
9020,1
9021,0
9022,0
9023,5
9024,0
9025,1
9026,5
9027,1
9028,1
9029,0
9030,5
9031,0
9032,8
9033,5
9034,5
9035,2
9036,1
9037,4
9038,5
9039,5
9040,1
9041,2
9042,0
9043,4
9044,5
9045,0
9046,0
9047,5
9048,0
9049,4
9050,1
9051,4
9052,6
9053,7
9054,1
9055,0
9056,1
9057,9
9058,7
9059,7
9060,7
9061,6
9062,1
9063,4
9064,4
9065,0
9066,1
9067,4
9068,7
9069,6
9070,7
9071,4
9072,3
9073,7
9074,9
9075,3
9076,1
9077,0
9078,3
9079,5
9080,0
9081,1
9082,3
9083,5
9084,0
9085,6
9086,0
9087,1
9088,4
9089,1
9090,3
9091,3
9092,1
9093,1
9094,7
9095,4
9096,7
9097,6
9098,7
9099,3
9100,5
9101,5
9102,0
9103,5
9104,6
9105,1
9106,7
9107,8
9108,0
9109,1
9110,0
9111,3
9112,7
9113,9
9114,1
9115,1
9116,0
9117,5
9118,5
9119,1
9120,1
9121,0
9122,6
9123,7
9124,6
9125,1
9126,4
9127,1
9128,9
9129,2
9130,7
9131,7
9132,2
9133,7
9134,4
9135,5
9136,4
9137,5
9138,5
9139,2
9140,9
9141,1
9142,6
9143,7
9144,1
9145,2
9146,1
9147,9
9148,4
9149,3
9150,7
9151,3
9152,2
9153,6
9154,7
9155,1
9156,8
9157,5
9158,0
9159,1
9160,1
9161,5
9162,9
9163,6
9164,7
9165,2
9166,4
9167,1
9168,5
9169,4
9170,3
9171,1
9172,2
9173,7
9174,6
9175,1
9176,5
9177,4
9178,5
9179,1
9180,7
9181,7
9182,1
9183,1
9184,9
9185,6
9186,6
9187,4
9188,9
9189,4
9190,5
9191,7
9192,1
9193,1
9194,3
9195,6
9196,9
9197,1
9198,4
9199,1
9200,4
9201,2
9202,1
9203,0
9204,3
9205,4
9206,0
9207,6
9208,2
9209,0
9210,3
9211,0
9212,7
9213,4
9214,7
9215,7
9216,4
9217,0
9218,6
9219,2
9220,1
9221,0
9222,5
9223,6
9224,1
9225,0
9226,6
9227,5
9228,4
9229,1
9230,6
9231,3
9232,6
9233,9
9234,7
9235,5
9236,4
9237,7
9238,5
9239,0
9240,3
9241,0
9242,1
9243,7
9244,3
9245,7
9246,0
9247,1
9248,5
9249,4
9250,4
9251,3
9252,3
9253,2
9254,2
9255,7
9256,0
9257,1
9258,5
9259,7
9260,7
9261,6
9262,1
9263,2
9264,1
9265,2
9266,0
9267,7
9268,7
9269,1
9270,3
9271,7
9272,7
9273,0
9274,5
9275,0
9276,8
9277,5
9278,2
9279,1
9280,4
9281,6
9282,6
9283,8
9284,2
9285,7
9286,9
9287,4
9288,9
9289,7
9290,2
9291,1
9292,7
9293,7
9294,0
9295,6
9296,3
9297,7
9298,7
9299,6
9300,7
9301,3
9302,1
9303,1
9304,2
9305,3
9306,7
9307,3
9308,7
9309,4
9310,2
9311,4
9312,7
9313,4
9314,1
9315,0
9316,3
9317,2
9318,2
9319,7
9320,9
9321,5
9322,7
9323,1
9324,5
9325,7
9326,5
9327,7
9328,4
9329,0
9330,0
9331,0
9332,1
9333,2
9334,0
9335,1
9336,6
9337,7
9338,9
9339,2
9340,3
9341,0
9342,1
9343,7
9344,2
9345,7
9346,0
9347,1
9348,6
9349,0
9350,3
9351,7
9352,6
9353,7
9354,0
9355,1
9356,4
9357,5
9358,1
9359,7
9360,0
9361,3
9362,7
9363,7
9364,3
9365,5
9366,4
9367,1
9368,2
9369,6
9370,0
9371,5
9372,7
9373,5
9374,1
9375,7
9376,2
9377,6
9378,5
9379,5
9380,0
9381,1
9382,4
9383,1
9384,2
9385,1
9386,4
9387,0
9388,5
9389,7
9390,1
9391,2
9392,2
9393,2
9394,1
9395,4
9396,0
9397,1
9398,9
9399,4
9400,4
9401,0
9402,0
9403,1
9404,1
9405,5
9406,9
9407,0
9408,2
9409,4
9410,9
9411,3
9412,6
9413,0
9414,3
9415,1
9416,4
9417,7
9418,2
9419,6
9420,0
9421,4
9422,2
9423,7
9424,6
9425,9
9426,3
9427,1
9428,4
9429,3
9430,6
9431,7
9432,3
9433,3
9434,7
9435,4
9436,7
9437,6
9438,0
9439,5
9440,1
9441,5
9442,4
9443,9
9444,9
9445,1
9446,0
9447,6
9448,7
9449,5
9450,6
9451,1
9452,3
9453,7
9454,4
9455,3
9456,4
9457,2
9458,1
9459,1
9460,1
9461,5
9462,4
9463,3
9464,7
9465,1
9466,5
9467,3
9468,4
9469,3
9470,6
9471,2
9472,6
9473,7
9474,3
9475,1
9476,6
9477,1
9478,8
9479,7
9480,5
9481,1
9482,2
9483,7
9484,0
9485,5
9486,4
9487,7
9488,6
9489,7
9490,2
9491,9
9492,1
9493,7
9494,4
9495,5
9496,5
9497,5
9498,4
9499,9
9500,3
9501,9
9502,6
9503,7
9504,2
9505,5
9506,6
9507,4
9508,4
9509,2
9510,3
9511,9
9512,1
9513,7
9514,1
9515,7
9516,8
9517,0
9518,3
9519,1
9520,7
9521,6
9522,1
9523,4
9524,5
9525,2
9526,6
9527,3
9528,5
9529,6
9530,8
9531,1
9532,7
9533,4
9534,6
9535,2
9536,1
9537,5
9538,6
9539,1
9540,1
9541,1
9542,4
9543,0
9544,4
9545,6
9546,1
9547,5
9548,4
9549,1
9550,7
9551,4
9552,4
9553,0
9554,7
9555,1
9556,3
9557,3
9558,9
9559,2
9560,7
9561,7
9562,0
9563,1
9564,4
9565,2
9566,7
9567,2
9568,0
9569,2
9570,5
9571,1
9572,0
9573,6
9574,4
9575,9
9576,2
9577,1
9578,7
9579,6
9580,8
9581,1
9582,4
9583,6
9584,7
9585,2
9586,2
9587,7
9588,5
9589,1
9590,6
9591,2
9592,4
9593,0
9594,1
9595,3
9596,6
9597,5
9598,4
9599,2
9600,7
9601,6
9602,1
9603,1
9604,3
9605,6
9606,7
9607,3
9608,7
9609,1
9610,3
9611,1
9612,7
9613,1
9614,8
9615,4
9616,1
9617,5
9618,6
9619,9
9620,6
9621,3
9622,5
9623,2
9624,3
9625,1
9626,6
9627,7
9628,3
9629,6
9630,1
9631,3
9632,5
9633,6
9634,9
9635,6
9636,7
9637,0
9638,9
9639,1
9640,6
9641,7
9642,8
9643,5
9644,5
9645,7
9646,1
9647,6
9648,6
9649,2
9650,4
9651,1
9652,4
9653,5
9654,0
9655,0
9656,1
9657,6
9658,6
9659,2
9660,6
9661,7
9662,1
9663,6
9664,5
9665,9
9666,5
9667,7
9668,1
9669,6
9670,7
9671,9
9672,0
9673,7
9674,5
9675,7
9676,4
9677,7
9678,9
9679,0
9680,1
9681,5
9682,5
9683,1
9684,5
9685,4
9686,9
9687,5
9688,6
9689,1
9690,1
9691,7
9692,7
9693,0
9694,0
9695,5
9696,4
9697,3
9698,7
9699,2
9700,6
9701,1
9702,1
9703,3
9704,4
9705,1
9706,4
9707,7
9708,1
9709,3
9710,9
9711,0
9712,1
9713,1
9714,0
9715,1
9716,3
9717,6
9718,0
9719,1
9720,5
9721,3
9722,0
9723,7
9724,3
9725,2
9726,7
9727,6
9728,0
9729,1
9730,0
9731,4
9732,1
9733,5
9734,6
9735,7
9736,9
9737,3
9738,4
9739,1
9740,1
9741,7
9742,1
9743,1
9744,5
9745,1
9746,7
9747,1
9748,7
9749,9
9750,5
9751,1
9752,6
9753,2
9754,1
9755,1
9756,7
9757,3
9758,0
9759,7
9760,1
9761,4
9762,3
9763,5
9764,0
9765,7
9766,5
9767,2
9768,0
9769,7
9770,2
9771,1
9772,5
9773,4
9774,5
9775,5
9776,1
9777,7
9778,0
9779,1
9780,6
9781,3
9782,2
9783,1
9784,0
9785,6
9786,4
9787,3
9788,7
9789,9
9790,1
9791,6
9792,4
9793,4
9794,7
9795,1
9796,3
9797,1
9798,4
9799,2
9800,6
9801,7
9802,8
9803,7
9804,4
9805,6
9806,3
9807,4
9808,0
9809,6
9810,3
9811,6
9812,1
9813,2
9814,0
9815,7
9816,5
9817,5
9818,7
9819,7
9820,2
9821,5
9822,6
9823,3
9824,4
9825,6
9826,4
9827,3
9828,2
9829,1
9830,2
9831,4
9832,0
9833,3
9834,3
9835,0
9836,6
9837,1
9838,7
9839,5
9840,1
9841,9
9842,1
9843,6
9844,6
9845,7
9846,2
9847,2
9848,1
9849,3
9850,6
9851,1
9852,8
9853,4
9854,0
9855,7
9856,5
9857,1
9858,1
9859,5
9860,7
9861,1
9862,1
9863,2
9864,1
9865,7
9866,4
9867,2
9868,6
9869,2
9870,6
9871,7
9872,5
9873,2
9874,7
9875,4
9876,6
9877,5
9878,9
9879,1
9880,1
9881,4
9882,1
9883,1
9884,2
9885,9
9886,1
9887,8
9888,9
9889,4
9890,7
9891,3
9892,0
9893,4
9894,7
9895,0
9896,0
9897,7
9898,1
9899,1
9900,4
9901,1
9902,1
9903,0
9904,4
9905,7
9906,2
9907,6
9908,4
9909,1
9910,4
9911,7
9912,9
9913,7
9914,3
9915,7
9916,9
9917,1
9918,6
9919,2
9920,6
9921,7
9922,1
9923,5
9924,0
9925,7
9926,6
9927,4
9928,0
9929,7
9930,3
9931,7
9932,2
9933,6
9934,1
9935,3
9936,2
9937,8
9938,2
9939,7
9940,0
9941,2
9942,2
9943,5
9944,7
9945,1
9946,1
9947,4
9948,7
9949,1
9950,5
9951,6
9952,7
9953,2
9954,4
9955,2
9956,4
9957,3
9958,9
9959,4
9960,1
9961,4
9962,5
9963,0
9964,4
9965,9
9966,1
9967,4
9968,1
9969,7
9970,4
9971,3
9972,4
9973,7
9974,6
9975,4
9976,1
9977,4
9978,6
9979,6
9980,4
9981,2
9982,2
9983,3
9984,2
9985,0
9986,7
9987,1
9988,6
9989,7
9990,1
9991,1
9992,4
9993,0
9994,7
9995,6
9996,2
9997,1
9998,0
9999,4
10000,6
10001,6
10002,1
10003,4
10004,1
10005,4
10006,1
10007,1
10008,2
10009,0
10010,7
10011,4
10012,4
10013,1
10014,4
10015,7
10016,1
10017,2
10018,5
10019,4
10020,6
10021,0
10022,6
10023,7
10024,5
10025,6
10026,1
10027,2
10028,7
10029,7
10030,8
10031,6
10032,1
10033,2
10034,6
10035,2
10036,0
10037,0
10038,7
10039,5
10040,9
10041,7
10042,7
10043,0
10044,1
10045,1
10046,7
10047,7
10048,4
10049,2
10050,0
10051,6
10052,1
10053,7
10054,1
10055,2
10056,5
10057,1
10058,6
10059,1
10060,5
10061,4
10062,7
10063,3
10064,9
10065,1
10066,4
10067,7
10068,5
10069,0
10070,1
10071,1
10072,2
10073,5
10074,1
10075,6
10076,2
10077,4
10078,3
10079,5
10080,0
10081,2
10082,2
10083,1
10084,4
10085,7
10086,7
10087,7
10088,2
10089,7
10090,5
10091,1
10092,7
10093,1
10094,4
10095,0
10096,5
10097,9
10098,5
10099,1
10100,2
10101,4
10102,7
10103,1
10104,6
10105,4
10106,4
10107,9
10108,1
10109,0
10110,7
10111,4
10112,6
10113,9
10114,6
10115,2
10116,1
10117,1
10118,2
10119,2
10120,8
10121,1
10122,0
10123,3
10124,2
10125,1
10126,4
10127,5
10128,5
10129,0
10130,1
10131,1
10132,1
10133,9
10134,7
10135,5
10136,1
10137,0
10138,5
10139,3
10140,7
10141,5
10142,6
10143,2
10144,2
10145,5
10146,8
10147,7
10148,6
10149,4
10150,6
10151,3
10152,9
10153,6
10154,1
10155,3
10156,7
10157,5
10158,2
10159,0
10160,2
10161,0
10162,7
10163,7
10164,7
10165,2
10166,4
10167,6
10168,7
10169,4
10170,1
10171,1
10172,4
10173,1
10174,4
10175,4
10176,7
10177,5
10178,4
10179,1
10180,5
10181,1
10182,1
10183,5
10184,1
10185,5
10186,4
10187,1
10188,2
10189,7
10190,6
10191,5
10192,5
10193,5
10194,6
10195,1
10196,0
10197,0
10198,7
10199,1
10200,4
10201,5
10202,3
10203,0
10204,2
10205,1
10206,4
10207,3
10208,7
10209,0
10210,6
10211,1
10212,9
10213,5
10214,1
10215,4
10216,4
10217,1
10218,7
10219,6
10220,6
10221,5
10222,6
10223,2
10224,6
10225,3
10226,7
10227,5
10228,4
10229,1
10230,1
10231,4
10232,2
10233,2
10234,1
10235,7
10236,6
10237,7
10238,0
10239,4
10240,4
10241,4
10242,2
10243,4
10244,5
10245,6
10246,6
10247,5
10248,1
10249,7
10250,1
10251,4
10252,0
10253,0
10254,1
10255,0
10256,2
10257,1
10258,1
10259,7
10260,7
10261,5
10262,3
10263,9
10264,0
10265,6
10266,9
10267,6
10268,2
10269,4
10270,2
10271,1
10272,4
10273,6
10274,3
10275,1
10276,8
10277,7
10278,3
10279,5
10280,9
10281,3
10282,4
10283,0
10284,1
10285,7
10286,1
10287,0
10288,7
10289,1
10290,1
10291,8
10292,7
10293,6
10294,8
10295,3
10296,1
10297,0
10298,1
10299,7
10300,0
10301,6
10302,2
10303,1
10304,7
10305,0
10306,9
10307,1
10308,2
10309,5
10310,4
10311,1
10312,4
10313,1
10314,6
10315,9
10316,0
10317,1
10318,7
10319,1
10320,4
10321,8
10322,2
10323,5
10324,7
10325,1
10326,1
10327,4
10328,5
10329,0
10330,4
10331,2
10332,7
10333,1
10334,2
10335,4
10336,7
10337,5
10338,6
10339,3
10340,7
10341,2
10342,5
10343,5
10344,2
10345,7
10346,1
10347,0
10348,5
10349,1
10350,7
10351,1
10352,7
10353,1
10354,3
10355,7
10356,3
10357,4
10358,4
10359,5
10360,1
10361,4
10362,1
10363,7
10364,3
10365,2
10366,2
10367,4
10368,6
10369,5
10370,1
10371,7
10372,1
10373,6
10374,1
10375,7
10376,2
10377,3
10378,4
10379,3
10380,8
10381,0
10382,7
10383,1
10384,0
10385,5
10386,4
10387,8
10388,0
10389,4
10390,0
10391,8
10392,0
10393,2
10394,5
10395,0
10396,7
10397,4
10398,5
10399,2
10400,7
10401,2
10402,6
10403,2
10404,4
10405,1
10406,4
10407,4
10408,1
10409,1
10410,7
10411,7
10412,1
10413,9
10414,8
10415,2
10416,2
10417,1
10418,4
10419,5
10420,1
10421,6
10422,7
10423,6
10424,5
10425,0
10426,4
10427,5
10428,5
10429,1
10430,7
10431,6
10432,7
10433,7
10434,4
10435,7
10436,5
10437,2
10438,4
10439,5
10440,7
10441,7
10442,4
10443,1
10444,4
10445,2
10446,2
10447,2
10448,5
10449,7
10450,0
10451,9
10452,4
10453,0
10454,2
10455,0
10456,1
10457,7
10458,6
10459,5
10460,0
10461,4
10462,7
10463,0
10464,0
10465,3
10466,4
10467,6
10468,4
10469,3
10470,0
10471,5
10472,4
10473,7
10474,1
10475,1
10476,9
10477,7
10478,6
10479,3
10480,3
10481,1
10482,2
10483,9
10484,1
10485,3
10486,1
10487,1
10488,6
10489,4
10490,4
10491,1
10492,2
10493,7
10494,8
10495,7
10496,5
10497,2
10498,0
10499,6
10500,7
