Id,SalePrice
1461,-1.2151140966732479e+20
1462,-1.5396543294555485e+20
1463,-2.624022640773594e+20
1464,-2.7550023329557037e+20
1465,-2.113353159796204e+20
1466,-3.576370297381968e+20
1467,-1.2418996218976353e+20
1468,-3.101940207842573e+20
1469,-1.8028930551168608e+20
1470,-8.4945358574912e+19
1471,-1.5037353627651323e+20
1472,-1.9600166236701278e+20
1473,-2.045483608047104e+20
1474,-2.5253698600242836e+20
1475,-1.553289531327803e+20
1476,-4.6914529137509394e+20
1477,-2.868754828185554e+20
1478,-3.044096956927693e+20
1479,-3.357078207464272e+20
1480,-3.7986702478056836e+20
1481,-3.896419415915872e+20
1482,-2.5212901123759407e+20
1483,-2.4599944251975198e+20
1484,-2.1112971659374975e+20
1485,-2.1650008719860266e+20
1486,-3.7179219474392285e+20
1487,-5.0466976552075664e+20
1488,-2.9635129216083834e+20
1489,-2.2630462310435393e+20
1490,-1.3033896268661134e+20
1491,-3.5478290479626846e+20
1492,-1.655080970142066e+20
1493,-2.5457633055030395e+20
1494,-4.964300994467081e+20
1495,-3.4457490386324796e+20
1496,-1.4573829161270867e+20
1497,-3.593592072077949e+20
1498,-2.2848401806266112e+20
1499,-2.207231051002084e+20
1500,-2.2752736151131193e+20
1501,-2.764885487964858e+20
1502,-2.070034449628562e+20
1503,-1.852624246425218e+20
1504,-3.4368084155889235e+20
1505,-1.933155117143074e+20
1506,-2.8886506448388506e+20
1507,-4.17347705385086e+20
1508,-3.100725868272402e+20
1509,-2.879889331574671e+20
1510,-1.586044374542462e+20
1511,-1.179717192792877e+20
1512,-1.788327721545587e+20
1513,-2.972792839292432e+20
1514,-1.6998523468618334e+20
1515,-3.2901445894595674e+20
1516,-2.6184054152628224e+20
1517,-1.0898899586692976e+20
1518,-2.980234938095023e+20
1519,-1.5533090548157084e+20
1520,-1.3040645229001757e+20
1521,-1.2980267224025378e+20
1522,-1.8102843302372626e+20
1523,-2.7679999280173197e+20
1524,-1.4056656935112226e+20
1525,-1.153323058901692e+20
1526,-1.2998843408266687e+20
1527,-1.360163919672177e+20
1528,-2.0647353141912624e+20
1529,-1.6827866989155074e+20
1530,-1.9387871247652448e+20
1531,-3.249179563245363e+20
1532,-1.1559306346109487e+20
1533,-2.5083714944436106e+20
1534,-2.562683117422892e+20
1535,-2.5891358604579973e+20
1536,-2.1801818123346045e+20
1537,-1.3689014011931224e+20
1538,-3.267115107381679e+20
1539,-3.90652909912964e+20
1540,-4.494749851550711e+20
1541,-2.635224744603637e+20
1542,-2.4803096242576238e+20
1543,-3.8155621073868384e+20
1544,-1.2320209573700238e+20
1545,-1.945691727762661e+20
1546,-1.83473626410248e+20
1547,-2.5208496235097234e+20
1548,-2.686259868952457e+20
1549,-1.9079024349895056e+20
1550,-2.7444186735232867e+20
1551,-1.0817977535522079e+20
1552,-4.2490758085931526e+20
1553,-3.336906924061757e+20
1554,-2.832092799660843e+20
1555,-2.0499370972495793e+20
1556,-2.5133068618401255e+20
1557,-1.6541433585974716e+20
1558,-1.5161644628364857e+20
1559,-3.686402002062026e+20
1560,-2.706420084151815e+20
1561,-2.694802374309893e+20
1562,-1.507842172609922e+20
1563,-8.247465931227149e+19
1564,-1.1605123084643662e+20
1565,-2.9301947120210307e+20
1566,-1.5831815075282302e+20
1567,-1.2943390744645619e+20
1568,-3.195415978093362e+20
1569,-3.102548073006254e+20
1570,-1.5200499045622684e+20
1571,-2.7834531691882263e+20
1572,-1.2167253623044406e+20
1573,-1.4461981585603202e+20
1574,-2.356531222422055e+20
1575,-1.2192230817209663e+20
1576,-2.9322833855541684e+20
1577,-2.2463058412786827e+20
1578,-2.8518258901986096e+20
1579,-8.075611283773376e+19
1580,-3.221782214411427e+20
1581,-1.887454727599672e+20
1582,-1.1441616627153535e+20
1583,-1.9810454601708323e+20
1584,-4.485926152045497e+20
1585,-8.987584346794747e+19
1586,-4.537191035226652e+19
1587,-1.1410586545353767e+20
1588,-1.1444841536454589e+20
1589,-2.2101698371855575e+20
1590,-1.4034594870542013e+20
1591,-1.7836817584586736e+20
1592,-2.0568415832597086e+20
1593,-1.3507399634427665e+20
1594,-4.938213052994881e+20
1595,-3.529358461136272e+20
1596,-4.458733313971224e+20
1597,-4.1909799786814826e+20
1598,-2.605381188040084e+20
1599,-1.1090566163768171e+20
1600,-2.1363342574621006e+20
1601,-4.509291033032397e+19
1602,-1.8475783684866143e+20
1603,-1.5436008602390882e+20
1604,-1.615657046536162e+20
1605,-3.450083968817752e+20
1606,-1.6553941918935355e+20
1607,-3.701771835459327e+20
1608,-2.410819517623339e+20
1609,-2.2556142237159775e+20
1610,-2.6627484769661433e+20
1611,-2.0809957368195154e+20
1612,-2.6569426193707578e+20
1613,-2.4971544618394193e+20
1614,-8.3423909178546e+19
1615,-2.1585706014964417e+20
1616,-2.335834846850617e+20
1617,-2.03972298245142e+20
1618,-1.140034017062489e+20
1619,-1.494075408045533e+20
1620,-5.2021523329104164e+20
1621,-2.2711578112194334e+20
1622,-2.6142460141231106e+20
1623,-1.9313968933751564e+20
1624,-2.7505913173822158e+20
1625,-1.0707062838714052e+20
1626,-1.8143119955651323e+20
1627,-2.507243221233767e+20
1628,-4.102367175632531e+20
1629,-2.455818250883969e+20
1630,-2.3459589675806815e+20
1631,-2.3337332879746787e+20
1632,-2.3065397532773253e+20
1633,-2.3103676087312194e+20
1634,-2.9447359691363238e+20
1635,-2.6671452980867223e+20
1636,-2.2006805881649123e+20
1637,-3.948074977567472e+20
1638,-3.942530183607044e+20
1639,-2.4587415160530272e+20
1640,-4.427579142078322e+20
1641,-1.6821124238676584e+20
1642,-3.2584788716375205e+20
1643,-3.9405544561514775e+20
1644,-3.6822488186233455e+20
1645,-1.7133377195224567e+20
1646,-1.1791513517343977e+20
1647,-1.55649354481031e+20
1648,-2.1924421614391283e+20
1649,-1.4392668570642624e+20
1650,-8.74098570523403e+19
1651,-1.3635896116708948e+20
1652,-1.8613126688704535e+20
1653,-2.0835080027972105e+20
1654,-2.986177882227896e+20
1655,-1.687610644673291e+20
1656,-2.6512677615544946e+20
1657,-2.9720773172564433e+20
1658,-2.7620579149010774e+20
1659,-1.0134393295662206e+20
1660,-1.138175235336171e+20
1661,-4.3096450553430914e+20
1662,-4.749701111115205e+20
1663,-2.5123139826104762e+20
1664,-2.6133028162087423e+20
1665,-3.2254911798803595e+20
1666,-1.7689617661919265e+20
1667,-4.012156387157011e+20
1668,-2.2116099693483167e+20
1669,-1.7691270385036673e+20
1670,-2.1699958484790732e+20
1671,-1.9990180099911582e+20
1672,-2.569655196858331e+20
1673,-5.160672251235668e+20
1674,-2.974758415896945e+20
1675,-1.6811613220547602e+20
1676,-1.5392219822555418e+20
1677,-1.6316814677016556e+20
1678,-2.4687253911981054e+20
1679,-2.5194197683412546e+20
1680,-2.694728881188393e+20
1681,-2.699505338337326e+20
1682,-1.9763080140715508e+20
1683,-2.610492573584535e+20
1684,-3.114446462458705e+20
1685,-3.1871739210626046e+20
1686,-2.250647303317783e+20
1687,-2.493342599181167e+20
1688,-3.456849573829292e+20
1689,-3.382092357971728e+20
1690,-2.4662057947990327e+20
1691,-2.3578708473195787e+20
1692,-3.691471359596079e+20
1693,-2.2802685453846603e+20
1694,-2.4870290809205847e+20
1695,-2.577532865338608e+20
1696,-3.935392385271307e+20
1697,-2.5775328653384978e+20
1698,-4.4846875796640196e+20
1699,-3.95105105809244e+20
1700,-3.523436122546132e+20
1701,-4.041954536167666e+20
1702,-3.1511711066113606e+20
1703,-3.030008144777989e+20
1704,-1.859024040961753e+20
1705,-2.2674455282707746e+20
1706,-2.4161530855532157e+20
1707,-2.668090630363505e+20
1708,-2.6049185680837034e+20
1709,-2.8427428025415493e+20
1710,-2.578885259583598e+20
1711,-3.135877518663303e+20
1712,-3.411291363057922e+20
1713,-1.6362363935022868e+20
1714,-2.2034213856256423e+20
1715,-3.131042987733372e+20
1716,-2.2630462310431323e+20
1717,-2.065592196540624e+20
1718,-2.1515661211413217e+20
1719,-3.8542522432898544e+20
1720,-2.4927302468711265e+20
1721,-2.0698140405386854e+20
1722,-2.0698140405388136e+20
1723,-1.2278088751050549e+20
1724,-2.6941026560084512e+20
1725,-3.980661483913561e+20
1726,-3.742155807409866e+20
1727,-2.4748584398638173e+20
1728,-3.423282305062074e+20
1729,-2.6371271349634928e+20
1730,-2.9050514826440858e+20
1731,-1.9843610951798843e+20
1732,-9.40572662529798e+19
1733,-7.351072872318051e+19
1734,-1.3518504638298083e+20
1735,-1.0660153460947134e+20
1736,-1.7083388279793294e+20
1737,-2.0207127861114307e+20
1738,-3.1505898492468114e+20
1739,-6.49892730492763e+20
1740,-3.206911161571592e+20
1741,-1.237193754174429e+20
1742,-2.7235909762632276e+20
1743,-2.5349743290072744e+20
1744,-1.922155222528071e+20
1745,-3.111054018522022e+20
1746,-3.953746722714e+20
1747,-3.1145863758181564e+20
1748,-5.2850819975069945e+20
1749,-1.908743451341452e+20
1750,-1.2974702596891317e+20
1751,-3.8935300612627635e+20
1752,-9.526588610782604e+19
1753,-2.91334687215102e+20
1754,-3.62995348746895e+20
1755,-1.3825343832387686e+20
1756,-9.2178115977718e+19
1757,-1.1994187480764822e+20
1758,-1.3800323394719821e+20
1759,-1.8525258548172895e+20
1760,-2.2617051436112023e+20
1761,-1.3953695207730571e+20
1762,-4.231400518888592e+20
1763,-1.9332746327022236e+20
1764,-1.7477891344650214e+20
1765,-1.947815466437249e+20
1766,-1.3782522870386305e+20
1767,-1.508780426271516e+20
1768,-1.2921319091279294e+20
1769,-1.9213767669032845e+20
1770,-1.1226200954767588e+20
1771,-1.848208851946777e+20
1772,-2.5212874390410684e+20
1773,-2.2703279618160692e+20
1774,-3.4670314180084217e+20
1775,-1.4796781712952617e+20
1776,-1.2031849901890296e+20
1777,-7.68367203986915e+19
1778,-9.779123179132687e+19
1779,-8.57812680106516e+19
1780,-2.4240146581696292e+20
1781,-1.8368007452975533e+20
1782,-1.4715374507278865e+20
1783,-2.891986000853652e+20
1784,-1.7529458426283832e+20
1785,-1.9753483970202377e+20
1786,-6.199980335158075e+20
1787,-3.142051198449161e+20
1788,-9.026640681617172e+19
1789,-1.4270872673452312e+20
1790,-1.2378900834115564e+20
1791,-5.455215108992901e+20
1792,-2.177284174282842e+20
1793,-1.069805276848287e+20
1794,-1.0166082488506742e+20
1795,-1.503169990171801e+20
1796,-9.934555425511301e+19
1797,-1.7209734987971373e+20
1798,-1.9341799068282808e+20
1799,-7.523020430926958e+19
1800,-1.0342007417434838e+20
1801,-3.068090340091622e+20
1802,-3.1494932473274964e+20
1803,-3.5677730841682104e+20
1804,-8.006203209333595e+19
1805,-1.1096785808426469e+20
1806,-2.896885618061351e+20
1807,-3.520752424334492e+20
1808,-2.0503756644907837e+20
1809,-2.8148150868473872e+20
1810,-2.65404569537637e+20
1811,-2.9220284657848343e+20
1812,-3.051633710770716e+20
1813,-2.395434075547764e+20
1814,-1.5997395771156296e+20
1815,-4.338688927461766e+19
1816,-1.2784944076704401e+20
1817,-3.006858118141494e+20
1818,-4.0456506238543403e+20
1819,-2.697882983227346e+20
1820,-1.2955088740587215e+20
1821,-3.3979467750054075e+20
1822,-3.197710085732937e+20
1823,-8.465431755616323e+19
1824,-2.1895416727274606e+20
1825,-2.6312323892467935e+20
1826,-1.6733547995693764e+20
1827,-1.8084945219334832e+20
1828,-2.9466414164295985e+20
1829,-1.856815413170167e+20
1830,-3.689646376870703e+20
1831,-3.3002353172171476e+20
1832,-4.483238164863553e+20
1833,-3.011364291536999e+20
1834,-2.7404980006297725e+20
1835,-3.8393669852944145e+20
1836,-3.3551129987873033e+20
1837,-8.80423662606795e+19
1838,-2.698000109454233e+20
1839,-1.142567824061406e+20
1840,-1.0209823433801903e+20
1841,-9.801430496447201e+19
1842,-2.1877782402335382e+20
1843,-1.4238323741209993e+20
1844,-7.977383558581676e+19
1845,-3.6692001741194605e+20
1846,-1.5221823556996396e+20
1847,-2.416185890856446e+20
1848,-4.6789782550787875e+19
1849,-9.804586252739486e+19
1850,-1.7347898798952163e+20
1851,-2.954069168470015e+20
1852,-1.8491212990336247e+20
1853,-1.496222509028577e+20
1854,-1.575053539340281e+20
1855,-1.5936713538128367e+20
1856,-3.4634463085180014e+20
1857,-2.6749308247994165e+20
1858,-3.4857283553352365e+20
1859,-1.088216912372693e+20
1860,-1.026501943119351e+20
1861,-1.0726203181887291e+20
1862,-5.262371850194371e+20
1863,-5.262371850198654e+20
1864,-5.2623718501986134e+20
1865,-1.9494758010465445e+20
1866,-2.0838328842581688e+20
1867,-2.727546688977702e+20
1868,-2.0462453812807752e+20
1869,-1.4791505796291943e+20
1870,-1.4516705359096614e+20
1871,-2.7591143468332777e+20
1872,-3.0456535788126116e+20
1873,-3.5008537884562725e+20
1874,-1.078998488164251e+20
1875,-1.7614326281830656e+20
1876,-3.156423542519736e+20
1877,-1.3999731262795506e+20
1878,-2.747966335843374e+20
1879,-1.055718153714452e+20
1880,-1.0020101530239168e+20
1881,-1.7021161062430514e+20
1882,-4.685159664972219e+20
1883,-3.7024958506485305e+20
1884,-3.994951483849232e+20
1885,-1.497604136589294e+20
1886,-2.0197637853549796e+20
1887,-1.513808046758648e+20
1888,-1.4603245691563208e+20
1889,-3.0366912807518863e+20
1890,-1.577854129084798e+20
1891,-8.37589236975496e+19
1892,-1.3570006665005608e+20
1893,-1.1227739405891419e+20
1894,-3.117727073640682e+20
1895,-1.8774438732998512e+20
1896,-1.876779347231746e+20
1897,-1.763037701617151e+20
1898,-2.568536939423795e+20
1899,-1.81104691198318e+20
1900,-2.5867016908297952e+20
1901,-2.5868932051296754e+20
1902,-1.5665400444751312e+20
1903,-4.6893582875123194e+20
1904,-2.0931336597675953e+20
1905,-3.0645196391119205e+20
1906,-3.043471332464958e+20
1907,-2.1810433900749154e+20
1908,-2.2074922728476993e+20
1909,-2.1845718255012476e+20
1910,-2.658955118467125e+20
1911,-2.9740340646239135e+20
1912,-3.0495987492649645e+20
1913,-4.879701280734644e+20
1914,-1.0627770477406711e+20
1915,-1.5156331793386832e+20
1916,-5.742382403846158e+19
1917,-4.0758508094846566e+20
1918,-9.204225948070414e+19
1919,-1.1954600412248747e+20
1920,-2.893179990410922e+20
1921,-2.1892197650775002e+20
1922,-1.9259717242123256e+20
1923,-3.413715674672799e+20
1924,-2.1920061793299372e+20
1925,-4.087646544613249e+20
1926,-2.0233471550825215e+20
1927,-1.3370443774624098e+20
1928,-1.7621695454577535e+20
1929,-7.737439136178745e+19
1930,-1.1707337375572263e+20
1931,-8.831291994456295e+19
1932,-2.4315383539751774e+20
1933,-3.0849280060385126e+20
1934,-2.6502552788840006e+20
1935,-2.695888371549587e+20
1936,-2.504213713107976e+20
1937,-3.3053988517844065e+20
1938,-2.0768757232288485e+20
1939,-2.4437637105575064e+20
1940,-2.3782423446157944e+20
1941,-3.428136568986938e+20
1942,-3.132735278688994e+20
1943,-2.1628570043186184e+20
1944,-5.377583053915035e+20
1945,-2.1538714962056423e+20
1946,-2.920247085673281e+20
1947,-2.13575569080086e+20
1948,-2.7647067255708415e+20
1949,-2.131308139800005e+20
1950,-1.588716448429838e+20
1951,-2.650683887086415e+20
1952,-2.5585940135300527e+20
1953,-1.3662448656666137e+20
1954,-3.609526313050098e+20
1955,-2.478759392807595e+20
1956,-5.079784822430383e+20
1957,-2.6829546450147485e+20
1958,-3.9379145389577116e+20
1959,-3.833164876877542e+20
1960,-1.4852795450076633e+20
1961,-1.6463419884696142e+20
1962,-1.6558472935731338e+20
1963,-1.6306677132667476e+20
1964,-2.4443234564455095e+20
1965,-2.8321685837793355e+20
1966,-1.5794766782503567e+20
1967,-1.9200894870027207e+20
1968,-2.9147607456186817e+20
1969,-2.2382266550360464e+20
1970,-4.180338630902296e+20
1971,-4.731155200307036e+20
1972,-3.588459756958684e+20
1973,-4.47999413191863e+20
1974,-4.0985714385625357e+20
1975,-2.3907412869535846e+20
1976,-1.801273214614391e+20
1977,-4.435159675654683e+20
1978,-5.4512161368363414e+20
1979,-3.083166737193958e+20
1980,-2.5197448397240618e+20
1981,-2.131754709575557e+20
1982,-1.641361460625329e+20
1983,-2.469266061088289e+20
1984,-3.5056257801710705e+20
1985,-1.5767224491365037e+20
1986,-1.6231237060628296e+20
1987,-2.2001637090917024e+20
1988,-3.181876857401832e+20
1989,-3.690395430807525e+20
1990,-4.330203191435086e+20
1991,-1.6316814677049475e+20
1992,-3.4344366979084367e+20
1993,-3.024606660660095e+20
1994,-4.1603064041910777e+20
1995,-3.4566001657179144e+20
1996,-4.6470419693325674e+20
1997,-4.378663543567715e+20
1998,-2.0276499645481232e+20
1999,-3.6875101257689045e+20
2000,-5.339123660348744e+20
2001,-4.6559351458240076e+20
2002,-1.8280540898470075e+20
2003,-3.7500241198949735e+20
2004,-3.2642123544971484e+20
2005,-2.041898654969753e+20
2006,-2.514664524445614e+20
2007,-3.084283040669476e+20
2008,-1.3545669736029885e+20
2009,-3.7002101488837276e+20
2010,-3.555261055288708e+20
2011,-2.1025774952953273e+20
2012,-2.158998128466268e+20
2013,-3.1055048512369846e+20
2014,-2.961412000017938e+20
2015,-3.001569412911534e+20
2016,-3.11824841176533e+20
2017,-3.320244268603048e+20
2018,-1.9845924123714784e+20
2019,-8.3582560845708e+19
2020,-7.572285713394195e+19
2021,-1.1128009918252964e+20
2022,-1.8511960495667767e+20
2023,-3.430197509770578e+20
2024,-4.518653743439021e+20
2025,-5.215824982244589e+20
2026,-2.2775492260883477e+20
2027,-2.1740500272800816e+20
2028,-2.95752622165312e+20
2029,-2.7543252683084946e+20
2030,-1.9814522638259703e+20
2031,-1.4227704544773207e+20
2032,-1.665579982626579e+20
2033,-1.743712806839605e+20
2034,-2.395234993990089e+20
2035,-3.1374159084580386e+20
2036,-2.678835901027156e+20
2037,-2.527213838702121e+20
2038,-4.484243791385901e+20
2039,-1.9035430634609374e+20
2040,-5.117827981205054e+20
2041,-1.8719574291078146e+20
2042,-3.850089956595331e+20
2043,-1.8174209141380714e+20
2044,-2.929761040323279e+20
2045,-2.4797924417766926e+20
2046,-3.019252976559886e+20
2047,-2.3943006943002647e+20
2048,-1.5615244149195522e+20
2049,-3.210627165227309e+20
2050,-2.9564116943140376e+20
2051,-7.188612046513099e+19
2052,-2.0698140405422237e+20
2053,-1.5454533118037993e+20
2054,-1.696458980060218e+20
2055,-1.887031040117626e+20
2056,-1.6537185832735644e+20
2057,-1.3900756119687515e+20
2058,-3.6114579032128396e+20
2059,-1.5731968945159104e+20
2060,-1.3943380945642414e+20
2061,-1.7510948553011393e+20
2062,-1.2716742159489709e+20
2063,-1.3035458515063665e+20
2064,-1.6882671382703037e+20
2065,-1.2092815341860577e+20
2066,-2.4157632186783072e+20
2067,-1.2505632791039332e+20
2068,-3.3889953410725655e+20
2069,-6.160654702543806e+19
2070,-2.385001963262926e+20
2071,-1.2485772309195458e+20
2072,-2.3544277840738868e+20
2073,-1.0387329257266509e+20
2074,-1.7961226970232367e+20
2075,-1.3064932811587792e+20
2076,-1.1925064569032817e+20
2077,-1.9823077727991375e+20
2078,-1.4681548675693332e+20
2079,-2.3583005041196076e+20
2080,-1.773118647262024e+20
2081,-1.935014865040548e+20
2082,-3.3444032971152255e+20
2083,-2.600702617804809e+20
2084,-1.532851511173309e+20
2085,-2.0753880460400112e+20
2086,-9.27155632720436e+19
2087,-2.4758741815566103e+20
2088,-2.909098344060693e+20
2089,-1.2485772309202374e+20
2090,-3.114446462464166e+20
2091,-3.5125379336838814e+20
2092,-3.054353786648429e+20
2093,-3.281183719794221e+20
2094,-1.7978575708695065e+20
2095,-2.3841218745551513e+20
2096,-1.1900341705519561e+20
2097,-2.229226504371515e+20
2098,-2.6713870876065264e+20
2099,-7.56206745507225e+19
2100,-1.6405719737728264e+20
2101,-3.4330292739435384e+20
2102,-2.860167574120095e+20
2103,-1.645598300060615e+20
2104,-4.213306795925693e+20
2105,-2.871540193963901e+20
2106,-2.2218258048472855e+20
2107,-5.300095655661561e+20
2108,-1.6268371599681723e+20
2109,-1.7734052780051405e+20
2110,-1.6313052904504764e+20
2111,-2.764050527871935e+20
2112,-3.248939022666801e+20
2113,-1.6724888194993278e+20
2114,-2.499085903314317e+20
2115,-2.9137674858060425e+20
2116,-1.7632437383099875e+20
2117,-2.999221371168351e+20
2118,-2.3354726562087764e+20
2119,-1.858025475160496e+20
2120,-2.556757239895215e+20
2121,-6.352067449393015e+19
2122,-2.4098267364147895e+20
2123,-5.728203682032227e+19
2124,-3.628829172874777e+20
2125,-3.5646465339383113e+20
2126,-3.081564326158899e+20
2127,-3.905932669931705e+20
2128,-3.396874436131292e+20
2129,-1.4269454067653091e+20
2130,-2.910897739509423e+20
2131,-4.826738742817365e+20
2132,-2.6708375503746292e+20
2133,-1.9323219049967167e+20
2134,-2.4034525778951415e+20
2135,-1.056311144676008e+20
2136,-2.4858846078423115e+20
2137,-1.949141404778798e+20
2138,-1.0997081518535574e+20
2139,-1.4034594870467918e+20
2140,-1.0796929421901903e+20
2141,-7.968870607371036e+19
2142,-1.7710484755353207e+20
2143,-2.1624289881502374e+20
2144,-9.926344294439094e+19
2145,-1.1451276018940335e+20
2146,-1.1959188568931803e+20
2147,-1.3602589568135738e+20
2148,-2.1121299009706918e+20
2149,-9.246140451601105e+19
2150,-2.2282920474099312e+20
2151,-2.210459834131945e+20
2152,-1.8492542312957048e+20
2153,-1.927475369427946e+20
2154,-7.3510728723159654e+19
2155,-2.3957061882291123e+20
2156,-5.392779737571834e+20
2157,-1.7134035380523647e+20
2158,-4.015702260927149e+20
2159,-3.47396869020155e+20
2160,-2.9286462792853543e+20
2161,-3.000672958242757e+20
2162,-2.1230898428307882e+20
2163,-2.1027130051301422e+20
2164,-1.90551246374225e+20
2165,-2.4488486570787416e+20
2166,-1.1122355341682287e+20
2167,-1.3172509557787705e+20
2168,-3.0936985089340624e+20
2169,-3.0276449320304706e+20
2170,-3.222438381802608e+20
2171,-1.0384736846184974e+20
2172,-1.703098106537726e+20
2173,-2.1651046332722935e+20
2174,-4.4667963301997196e+20
2175,-2.7311809407494288e+20
2176,-1.7601509651756902e+20
2177,-4.9969446621155885e+20
2178,-3.729656980757802e+20
2179,-9.088302668018878e+19
2180,-1.8530817685324952e+20
2181,-2.6606402497533975e+20
2182,-2.8495126049367638e+20
2183,-2.4930774385629984e+20
2184,-1.4155634239886659e+20
2185,-7.97029419754292e+19
2186,-1.0535478061124325e+20
2187,-1.63512110533848e+20
2188,-2.708744441183606e+20
2189,-2.7081358991646668e+20
2190,-8.166943863528155e+19
2191,-8.16694386351875e+19
2192,-6.670417976746748e+19
2193,-2.219530368744801e+20
2194,-1.1619791016324273e+20
2195,-9.335999307951753e+19
2196,-1.3315704082185349e+20
2197,-2.3677234999170977e+20
2198,-2.420577724820296e+20
2199,-4.0021489397855243e+20
2200,-2.3932150285924132e+20
2201,-2.679018611632365e+20
2202,-2.8017090309566382e+20
2203,-3.3788320307402185e+20
2204,-2.997587569635726e+20
2205,-2.7461796660248543e+20
2206,-1.5234883922935077e+20
2207,-3.3378824081824285e+20
2208,-3.6635213431492844e+20
2209,-2.402471011744008e+20
2210,-1.8388632171669576e+20
2211,-1.3881273482057423e+20
2212,-2.1647464723728227e+20
2213,-2.4656766954564705e+20
2214,-2.5972565100649824e+20
2215,-1.2440639034078991e+20
2216,-3.751937158841113e+20
2217,-5.196501607485439e+19
2218,-2.080825660650626e+20
2219,-1.7995552634027275e+20
2220,-2.031983582825909e+20
2221,-1.5156331793386714e+20
2222,-1.513931542099726e+20
2223,-2.8498108528583023e+20
2224,-3.893058078076564e+20
2225,-2.928762783292832e+20
2226,-1.7348891196677266e+20
2227,-1.632055416826181e+20
2228,-1.790474758565251e+20
2229,-3.0151028245475086e+20
2230,-2.67589493740145e+20
2231,-3.453757976231466e+20
2232,-2.777712738430531e+20
2233,-1.4227888783082267e+20
2234,-1.629938586430031e+20
2235,-1.870026407984452e+20
2236,-2.3716191919146864e+20
2237,-2.0668307710840822e+20
2238,-1.1787516370177268e+20
2239,-2.028938000244749e+20
2240,-1.3389578825511782e+20
2241,-1.423214416711728e+20
2242,-1.1577980147857959e+20
2243,-2.298513965784008e+20
2244,-1.5907889675400056e+20
2245,-1.5817084862461637e+20
2246,-1.310637213757211e+20
2247,-1.9752632568683813e+20
2248,-9.7829365935113e+19
2249,-9.274286583982552e+19
2250,-9.713894467664958e+19
2251,-3.263713208866753e+20
2252,-2.104629375093875e+20
2253,-2.5004319601745235e+20
2254,-2.7816193010027204e+20
2255,-2.7108979829356747e+20
2256,-2.953017796580187e+20
2257,-5.004028189587963e+20
2258,-2.183615925342527e+20
2259,-3.454239671584541e+20
2260,-1.7418127368932062e+20
2261,-1.9258648684526777e+20
2262,-1.511427173588631e+20
2263,-4.4848511233039624e+20
2264,-3.605098731716734e+20
2265,-1.218976487809769e+20
2266,-2.192373932592143e+20
2267,-2.5654977271545804e+20
2268,-2.2890449601469684e+20
2269,-2.1278354496023298e+20
2270,-2.8484888290097925e+20
2271,-1.5990518682545127e+20
2272,-2.946993017405104e+20
2273,-1.3726804895992136e+20
2274,-1.4963778588203018e+20
2275,-2.26835643400634e+20
2276,-1.879722928628217e+20
2277,-3.035668190881499e+20
2278,-1.5009272375534358e+20
2279,-1.779089755414386e+20
2280,-1.3819581455429191e+20
2281,-2.484148449025826e+20
2282,-1.625604531440896e+20
2283,-2.0333974094995725e+20
2284,-2.5699430776491085e+20
2285,-1.3321212500290478e+20
2286,-1.105497980870924e+20
2287,-2.184987740083628e+20
2288,-3.147455102947204e+20
2289,-2.3976888504899332e+20
2290,-4.0119089281342485e+20
2291,-5.4799811971630465e+20
2292,-2.3014483361201544e+20
2293,-2.9166046939923448e+20
2294,-5.6860029622730726e+20
2295,-2.593199637214386e+20
2296,-4.3188067597542575e+20
2297,-3.714150478238559e+20
2298,-3.348119300772686e+20
2299,-6.17432231095075e+20
2300,-4.258015024417095e+20
2301,-3.222843573197529e+20
2302,-1.8123531323892312e+20
2303,-3.077766350150165e+20
2304,-3.6943308808129964e+20
2305,-1.546897723113549e+20
2306,-1.3817196763058497e+20
2307,-1.7631248870882882e+20
2308,-2.8631624494182872e+20
2309,-2.0759775246570835e+20
2310,-2.4358220281170372e+20
2311,-1.6033093613427068e+20
2312,-3.188766535722812e+20
2313,-3.2855698944634356e+20
2314,-3.1867364867880197e+20
2315,-3.203208915860848e+20
2316,-3.833133277383977e+20
2317,-1.5391162400287172e+20
2318,-3.217120521664022e+20
2319,-3.1144464624622096e+20
2320,-2.3235775155251292e+20
2321,-1.650299279512465e+20
2322,-2.3522303189729516e+20
2323,-9.681736593373404e+19
2324,-2.29996342242888e+20
2325,-2.816216807397873e+20
2326,-2.5246327998547585e+20
2327,-4.238240000637981e+20
2328,-3.7528147296758104e+20
2329,-3.009122784414966e+20
2330,-3.4154757960290756e+20
2331,-3.9842067085623945e+20
2332,-5.530747798039834e+20
2333,-4.374751458975467e+20
2334,-5.100852496386201e+20
2335,-4.370517761247097e+20
2336,-4.146503366975699e+20
2337,-2.5436045076350412e+20
2338,-1.6362753055879437e+20
2339,-2.810483022603276e+20
2340,-2.0695395915343043e+20
2341,-2.8390267988811373e+20
2342,-2.0830829269854955e+20
2343,-2.0007734306707813e+20
2344,-4.232541347274048e+20
2345,-3.696922720205359e+20
2346,-2.4618340537587833e+20
2347,-2.4804324453569924e+20
2348,-3.4806507525931316e+20
2349,-3.435583792693004e+20
2350,-3.262617926908543e+20
2351,-2.931584244133205e+20
2352,-3.1307330864615824e+20
2353,-5.2613740204835766e+20
2354,-2.0438020149005877e+20
2355,-2.1236960936652685e+20
2356,-1.2984174421801619e+20
2357,-2.732264078639243e+20
2358,-3.339641633815538e+20
2359,-2.7097145578623422e+20
2360,-1.6141830819233917e+20
2361,-1.1144891366557563e+20
2362,-4.555686426678669e+20
2363,-1.1340947114630465e+20
2364,-9.725988599591813e+19
2365,-1.7032136105087356e+20
2366,-2.06663845826426e+20
2367,-2.785292324374528e+20
2368,-1.5682878066316447e+20
2369,-2.879902839184434e+20
2370,-2.6230534896433984e+20
2371,-2.9396176651380585e+20
2372,-2.501334238571906e+20
2373,-3.362172116947518e+20
2374,-4.123026052347826e+20
2375,-2.587734956105736e+20
2376,-2.2304953392563778e+20
2377,-3.1719140917465154e+20
2378,-1.864642334354637e+20
2379,-3.670767606500321e+20
2380,-9.05120551577721e+19
2381,-1.489575648944206e+20
2382,-2.0844516116681992e+20
2383,-2.961654919776145e+20
2384,-3.649056319204548e+20
2385,-1.2331068979789139e+20
2386,-1.4024732699183217e+20
2387,-1.4078239835797856e+20
2388,-8.677377854949545e+19
2389,-1.4015810448675462e+20
2390,-1.564895483653042e+20
2391,-1.086085517214005e+20
2392,-1.661053637561523e+20
2393,-1.5410286682223116e+20
2394,-1.4384894018103191e+20
2395,-4.320927612524563e+20
2396,-2.360646137638727e+20
2397,-1.604519149887882e+20
2398,-1.525287316439007e+20
2399,-9.36281439469253e+19
2400,-1.145248839107654e+20
2401,-1.456218693271106e+20
2402,-1.6833259516424572e+20
2403,-2.8984828574981394e+20
2404,-1.2123230391301202e+20
2405,-1.6842580032715745e+20
2406,-8.59818770207047e+19
2407,-9.583434896656923e+19
2408,-1.666407163682307e+20
2409,-2.1255540954952113e+20
2410,-2.1129055367096386e+20
2411,-1.1973998841810302e+20
2412,-1.5981810723964456e+20
2413,-1.969261462253542e+20
2414,-1.3999743008002856e+20
2415,-2.8984828574987095e+20
2416,-1.31721793987407e+20
2417,-2.0973531977801292e+20
2418,-1.785187289076539e+20
2419,-3.163646267211528e+20
2420,-9.176572755727688e+19
2421,-1.9309694628734425e+20
2422,-1.4226961945309803e+20
2423,-3.0883475805740224e+20
2424,-3.8694352560632005e+20
2425,-5.995475491392764e+20
2426,-1.9567054097602943e+20
2427,-3.273049136861895e+20
2428,-2.9406193260169973e+20
2429,-1.493296553259471e+20
2430,-8.099793257481893e+19
2431,-1.4353525360500793e+20
2432,-1.3541987411694389e+20
2433,-1.5443726354710364e+20
2434,-1.5633298811598743e+20
2435,-1.4929989964399205e+20
2436,-6.557658918170137e+19
2437,-1.610527308526385e+20
2438,-9.538546074122869e+19
2439,-1.6572845278868226e+20
2440,-2.3475527457111566e+20
2441,-1.1112606000551777e+20
2442,-1.7966877712843945e+20
2443,-1.688424610241377e+20
2444,-2.3280289083491408e+20
2445,-2.1088019876815025e+20
2446,-3.6084697008346674e+20
2447,-3.566028034959096e+20
2448,-3.104015632584943e+20
2449,-2.4660940731978845e+20
2450,-3.10056542581033e+20
2451,-2.5820537061004237e+20
2452,-4.634944888987047e+20
2453,-6.862501440839208e+19
2454,-9.797496891789132e+19
2455,-1.606870826754607e+20
2456,-2.0447890271194468e+20
2457,-2.36579311727596e+20
2458,-2.352622417507542e+20
2459,-1.642473619246976e+20
2460,-2.8735720647429557e+20
2461,-2.3848564498831072e+20
2462,-2.8259332971796785e+20
2463,-2.07013342392172e+20
2464,-4.860779754074421e+20
2465,-2.9257348254324202e+20
2466,-2.4039278473757118e+20
2467,-2.5364600983455787e+20
2468,-1.9225044466390322e+20
2469,-2.393324347193961e+20
2470,-3.463848266544319e+20
2471,-3.923324865529198e+20
2472,-4.258439874946537e+20
2473,-2.0243532797586856e+20
2474,-3.122493225681092e+20
2475,-4.191604041471141e+20
2476,-2.0549629195607704e+20
2477,-8.394684943647818e+19
2478,-1.8704097346188594e+20
2479,-1.3883999720333281e+20
2480,-1.970201280231117e+20
2481,-1.8812594211566027e+20
2482,-7.444659739330324e+19
2483,-1.5488767210889996e+20
2484,-1.7761140631329807e+20
2485,-1.5911128104416805e+20
2486,-2.1478559813158522e+20
2487,-4.2436393299638826e+20
2488,-2.306964756582121e+20
2489,-1.2907677120233292e+20
2490,-2.2020829447470757e+20
2491,-7.075182270616369e+19
2492,-2.379086108281963e+20
2493,-1.1071532524197084e+20
2494,-1.797296827135267e+20
2495,-1.4366464497874112e+20
2496,-2.8415042219138544e+20
2497,-2.8851924243472243e+20
2498,-1.1490595874673503e+20
2499,-6.685267415989659e+19
2500,-1.841724474992441e+20
2501,-1.9324374089601165e+20
2502,-1.886917696385555e+20
2503,-2.7017240775506536e+20
2504,-3.7882922293571014e+20
2505,-3.372305401853512e+20
2506,-3.058368498325662e+20
2507,-3.9761239199033695e+20
2508,-3.05836849832451e+20
2509,-2.8523271676054444e+20
2510,-2.7381044288958857e+20
2511,-2.3596623262960383e+20
2512,-3.849980525104845e+20
2513,-3.4534332221714216e+20
2514,-2.534450551947546e+20
2515,-1.3449271052845534e+20
2516,-2.24685329588975e+20
2517,-1.4164048642667813e+20
2518,-1.485284425874501e+20
2519,-3.63302346315648e+20
2520,-3.120368244572046e+20
2521,-3.6149825010718435e+20
2522,-3.0571026836404575e+20
2523,-9.58819195867642e+19
2524,-1.3873552476488076e+20
2525,-1.0982136027127793e+20
2526,-1.3894501535962186e+20
2527,-1.6985982047980605e+20
2528,-1.3969565211635855e+20
2529,-9.294936471965455e+19
2530,-6.749438571389395e+19
2531,-1.686294368795589e+20
2532,-3.444381072004097e+20
2533,-3.700934543789941e+20
2534,-2.6276820793647458e+20
2535,-3.835431559380462e+20
2536,-2.9676189698130464e+20
2537,-1.5700078171368368e+20
2538,-3.157227320462731e+20
2539,-1.4727989018940214e+20
2540,-2.4711424361990613e+20
2541,-3.193528579987961e+20
2542,-3.2855698944647555e+20
2543,-7.963662278342858e+19
2544,-2.1092801221580023e+20
2545,-2.6597211011769985e+20
2546,-2.190584159606833e+20
2547,-1.3356120518275162e+20
2548,-3.521784845341582e+20
2549,-2.3795209964819228e+20
2550,-5.427714651554658e+20
2551,-9.181638939548621e+19
2552,-1.924226442215868e+20
2553,-8.166943863518016e+19
2554,-2.2203121889142545e+20
2555,-1.5134339262733704e+20
2556,-8.790377393035577e+19
2557,-9.184146318608328e+19
2558,-5.170734225172781e+20
2559,-2.1691104833295198e+20
2560,-2.476737847136951e+20
2561,-2.0494181892090354e+20
2562,-2.6912571954554248e+20
2563,-3.150154332043021e+20
2564,-3.651993993463331e+20
2565,-8.691556576910121e+19
2566,-3.020808989563154e+20
2567,-2.2784325977233418e+20
2568,-2.6223051827026294e+20
2569,-1.9458667740461836e+20
2570,-1.8843379820983144e+20
2571,-3.121443077296449e+20
2572,-1.2956321031824094e+20
2573,-2.7140535924878275e+20
2574,-2.2531491459507916e+20
2575,-2.15800917858986e+20
2576,-3.348445553457192e+20
2577,-3.2471232653505325e+20
2578,-1.5161294946915903e+20
2579,-1.178236872007628e+20
2580,-4.148716190328448e+20
2581,-1.0196897992065789e+20
2582,-9.291190260135494e+19
2583,-1.3752023656192228e+20
2584,-1.0629323956821524e+20
2585,-2.0534405914939657e+20
2586,-1.2159255494603342e+20
2587,-1.4706491297472689e+20
2588,-1.543297977865522e+20
2589,-9.113249102212932e+19
2590,-1.8330438810128256e+20
2591,-2.2878688237080497e+20
2592,-3.138165093792494e+20
2593,-2.298043868903948e+20
2594,-2.1371007012619937e+20
2595,-2.1341946422080386e+20
2596,-2.2325330315137702e+20
2597,-2.77028073110918e+20
2598,-4.5731026986049995e+20
2599,-3.3889953410720806e+20
2600,-1.4419760258690716e+20
2601,-1.941846534214318e+20
2602,-2.0820246773660195e+20
2603,-1.596206608442951e+20
2604,-1.9490764933500184e+20
2605,-2.3358348468505864e+20
2606,-8.455651542199108e+19
2607,-1.2345087941256823e+20
2608,-1.4011054199866515e+20
2609,-2.5282951471598558e+20
2610,-6.772516211088089e+19
2611,-1.927239424989702e+20
2612,-9.897786719713994e+19
2613,-9.158483001865039e+19
2614,-1.1019125753737991e+20
2615,-1.9403538100261585e+20
2616,-1.105656200902567e+20
2617,-1.996901979575679e+20
2618,-1.8266048862067153e+20
2619,-3.439161390529992e+20
2620,-2.528627026095977e+20
2621,-3.604974162413208e+20
2622,-3.8365996936297585e+20
2623,-4.391377095948113e+20
2624,-4.33725511300266e+20
2625,-5.314662743477201e+20
2626,-1.4515983850668394e+20
2627,-2.222096350883266e+20
2628,-4.731476598039807e+20
2629,-7.345223147963122e+20
2630,-5.149788054814422e+20
2631,-4.274871639900877e+20
2632,-5.982840521644118e+20
2633,-1.9850599338057482e+20
2634,-2.1864163189948812e+20
2635,-1.060418794653917e+20
2636,-3.962928310124654e+20
2637,-9.586304890861476e+19
2638,-4.276495416244883e+20
2639,-2.8636774229500274e+20
2640,-1.288952695150132e+20
2641,-1.7549796529833404e+20
2642,-1.7568098341885575e+20
2643,-2.3476385717185128e+20
2644,-2.4685341309707944e+20
2645,-1.930992246064213e+20
2646,-1.744771363434987e+20
2647,-1.962894584643198e+20
2648,-1.2949243084421479e+20
2649,-1.7195288565047283e+20
2650,-1.9684564370465866e+20
2651,-2.9725592062598926e+20
2652,-3.90986482305591e+20
2653,-3.0062469637304956e+20
2654,-3.2110909382898575e+20
2655,-1.9549366872416197e+20
2656,-4.679834712802999e+20
2657,-2.8259135131073046e+20
2658,-4.772891877524479e+20
2659,-5.1891460284012154e+20
2660,-3.9294006370118376e+20
2661,-2.0886895649729636e+20
2662,-1.9143088779423095e+20
2663,-2.8224770812378992e+20
2664,-2.426637061819099e+20
2665,-2.102242662174002e+20
2666,-2.6774500185839763e+20
2667,-3.114446462459478e+20
2668,-3.195948663954267e+20
2669,-2.463710428868455e+20
2670,-5.151548849179519e+20
2671,-3.195948663955519e+20
2672,-1.912595037863222e+20
2673,-1.5976681936995372e+20
2674,-1.5993007847179705e+20
2675,-2.1057231604425022e+20
2676,-3.390648529573006e+20
2677,-3.237826002101695e+20
2678,-4.9572560132679454e+20
2679,-3.338700074533019e+20
2680,-4.1688231305324324e+20
2681,-4.8532426823890416e+20
2682,-5.284670751634631e+20
2683,-7.225474410906544e+20
2684,-4.946298594355386e+20
2685,-5.5974807427589544e+20
2686,-4.107376197654804e+20
2687,-1.529642881459844e+20
2688,-2.7944347549183377e+20
2689,-2.3503539438545827e+20
2690,-3.39543406861447e+20
2691,-3.6705976164746736e+20
2692,-2.097665694739465e+20
2693,-2.6012025644175796e+20
2694,-2.1014000716783354e+20
2695,-3.579446386915406e+20
2696,-3.314736744882705e+20
2697,-3.9167749593063725e+20
2698,-2.9421306251708685e+20
2699,-1.6869929368916253e+20
2700,-1.98119129621081e+20
2701,-2.5610583991787504e+20
2702,-1.7994472141035327e+20
2703,-1.802282724009391e+20
2704,-1.2349182831638674e+20
2705,-1.2702943028350453e+20
2706,-1.565597308069316e+20
2707,-1.5363515329295322e+20
2708,-1.185479428566173e+20
2709,-1.0458716818496612e+20
2710,-1.0513230805440183e+20
2711,-3.831520339195629e+20
2712,-4.6450353893821356e+20
2713,-2.123696093669438e+20
2714,-2.848537164746748e+20
2715,-2.8872044241397583e+20
2716,-2.3157871534133884e+20
2717,-3.292120363964448e+20
2718,-2.9133468721536483e+20
2719,-1.2017233057703965e+20
2720,-1.9394488778096224e+20
2721,-1.1893150502636711e+20
2722,-3.5682243474109084e+20
2723,-1.0479505464590769e+20
2724,-8.444520623704346e+19
2725,-1.1480205385615797e+20
2726,-1.619161586870059e+20
2727,-1.6320919038664858e+20
2728,-2.1476017960564975e+20
2729,-2.7176358196525085e+20
2730,-1.6822464958569873e+20
2731,-9.380063308592464e+19
2732,-1.8172440085803152e+20
2733,-1.5318140223564258e+20
2734,-2.7702758143934723e+20
2735,-1.0723252307921884e+20
2736,-3.238631955024892e+20
2737,-1.2495986733435021e+20
2738,-2.9430749014595905e+20
2739,-1.3693252460331544e+20
2740,-1.8728658463781834e+20
2741,-1.694262196745254e+20
2742,-2.0307831226226763e+20
2743,-1.5778328555994343e+20
2744,-1.1678286028700772e+20
2745,-1.120982956425561e+20
2746,-1.2101392927197612e+20
2747,-1.3647725545523256e+20
2748,-8.846539686103602e+19
2749,-1.3757864333075492e+20
2750,-2.0563719722916384e+20
2751,-8.96150858965393e+19
2752,-2.5130027718499824e+20
2753,-1.6499207729799777e+20
2754,-5.476413037795951e+20
2755,-2.5359846185526605e+20
2756,-1.3247553060152803e+20
2757,-1.328471309678159e+20
2758,-1.4906476600034456e+20
2759,-2.957008133738989e+20
2760,-3.81825551859138e+20
2761,-1.4727126949116063e+20
2762,-1.4538400463749679e+20
2763,-1.8461087379447123e+20
2764,-1.0435539381134406e+20
2765,-3.684972603555985e+20
2766,-2.7111846099648823e+20
2767,-7.372935432315755e+19
2768,-2.8910508501714718e+20
2769,-1.3500920177269003e+20
2770,-1.1268006954513125e+20
2771,-1.1339518392819723e+20
2772,-9.44606276254238e+19
2773,-3.973654272540308e+20
2774,-3.053517872879964e+20
2775,-3.079330892582624e+20
2776,-2.3308943697024077e+20
2777,-2.6134672071927474e+20
2778,-2.1475990716439137e+20
2779,-3.944523189223046e+20
2780,-1.792327250509302e+20
2781,-1.568153545978041e+20
2782,-1.274382651661065e+20
2783,-2.9562864724853254e+20
2784,-1.203544228207646e+20
2785,-3.3311924709608725e+20
2786,-4.95148684911635e+19
2787,-1.9187272046501023e+20
2788,-1.5124607778874386e+20
2789,-4.402743969923116e+20
2790,-2.6695255392538978e+20
2791,-1.783681758452842e+20
2792,-1.8951618683646997e+20
2793,-3.6556637684489565e+20
2794,-2.053449201117454e+20
2795,-2.787688310864057e+20
2796,-1.5161294946827924e+20
2797,-5.0924293714878615e+20
2798,-2.7184659284729266e+20
2799,-2.5358283750231405e+20
2800,-1.2815487620957897e+20
2801,-1.482809960620433e+20
2802,-2.1863922600483727e+20
2803,-3.569221518752421e+20
2804,-1.1626552027802306e+20
2805,-7.31622054437732e+19
2806,-1.5768793891985103e+20
2807,-1.5778672035926137e+20
2808,-1.1923182266170761e+20
2809,-1.2508187199322928e+20
2810,-1.1890713167346224e+20
2811,-2.447264666573635e+20
2812,-1.0406931758791431e+20
2813,-3.654689603013897e+20
2814,-3.134776078531256e+20
2815,-1.620177597253625e+20
2816,-2.8413277807967306e+20
2817,-1.9763391608424137e+20
2818,-9.756945269028794e+19
2819,-2.858560017923661e+20
2820,-1.2634709107171274e+20
2821,-2.10234079762853e+20
2822,-3.3463161636589155e+20
2823,-7.4265126637561e+20
2824,-2.835779308684241e+20
2825,-1.0548969157012326e+20
2826,-1.9639079361325236e+20
2827,-2.7441131700300792e+20
2828,-4.390703195167255e+20
2829,-2.586573258389167e+20
2830,-3.804874089927843e+20
2831,-1.8486432103169304e+20
2832,-1.831059981551556e+20
2833,-1.8011820336619274e+20
2834,-3.8467642796427805e+20
2835,-2.9424126965255573e+20
2836,-3.4217816183798884e+20
2837,-1.7197792623933266e+20
2838,-2.0438020148944945e+20
2839,-3.164763649688108e+20
2840,-1.795575612656872e+20
2841,-3.23190602532709e+20
2842,-2.8703674760250825e+20
2843,-2.4481922242627938e+20
2844,-1.557883357981174e+20
2845,-1.1651745188612543e+20
2846,-3.251652873414155e+20
2847,-3.131508297075858e+20
2848,-1.6334120690849448e+20
2849,-4.129804672455252e+20
2850,-3.818787821756531e+20
2851,-4.360134575643211e+20
2852,-3.271012039787188e+20
2853,-3.581187672039689e+20
2854,-8.534351901285869e+19
2855,-1.5754393338606738e+20
2856,-3.7253539547661704e+20
2857,-3.458082877906591e+20
2858,-1.479135967795882e+20
2859,-2.865740334108048e+20
2860,-8.559206721902643e+19
2861,-1.3319259733340802e+20
2862,-3.707695902002402e+20
2863,-1.2977499563924111e+20
2864,-4.9297237754902866e+20
2865,-8.375892369754948e+19
2866,-3.590703829400193e+20
2867,-1.9144593411236564e+20
2868,-2.746463941818981e+20
2869,-3.4247643678540104e+20
2870,-1.4508884082138238e+20
2871,-3.26661205019253e+20
2872,-9.252849121944643e+19
2873,-1.9833303810190698e+20
2874,-2.222186946981631e+20
2875,-1.9572842221930126e+20
2876,-2.5978926575319686e+20
2877,-2.922763899334248e+20
2878,-3.499474184469398e+20
2879,-2.3371971789972832e+20
2880,-2.267154117162021e+20
2881,-3.081437857415082e+20
2882,-2.6592267521174127e+20
2883,-2.768619210943181e+20
2884,-2.984879170202352e+20
2885,-3.270362795055677e+20
2886,-3.992296944257576e+20
2887,-1.5062189080316363e+20
2888,-2.249168658323249e+20
2889,-9.728014551245668e+19
2890,-1.1909791741339338e+20
2891,-3.420564114049056e+20
2892,-5.16814416353949e+19
2893,-2.3230038620133635e+20
2894,-1.527775619992614e+20
2895,-1.4836695888075925e+20
2896,-1.4232850529978948e+20
2897,-2.2376788038448667e+20
2898,-3.0917150479990823e+20
2899,-2.7702807311077923e+20
2900,-1.5738212960739734e+20
2901,-2.1294902991967493e+20
2902,-1.467781451695604e+20
2903,-2.0154030037285818e+20
2904,-1.9495557929053294e+20
2905,-1.134297758798865e+20
2906,-1.1978925143922822e+20
2907,-2.405075760751063e+20
2908,-1.1682351470017546e+20
2909,-2.919348727390366e+20
2910,-6.4479151720062435e+19
2911,-2.0820246773660415e+20
2912,-2.2031504235177345e+20
2913,-1.9249040962562235e+20
2914,-2.335834846851025e+20
2915,-2.3358348468505762e+20
2916,-2.0820246773655883e+20
2917,-1.0414019902378459e+20
2918,-1.3961952217627314e+20
2919,-3.5168892537540877e+20
